Rk,Player,Tm,FantPos,Age,G,GS,Cmp,PsAtt,PsYds,PsTD,Int,RsAtt,RsYds,Y/A,RsTD,Tgt,Rec,RcYds,Y/R,RcTD,Fmb,FL,TotTD,2PM,2PP,FantPt,PPR,PosRank,OvRank
1,JonathanTaylor,IND,RB,22,17,17,0,0,0,0,0,332,1811,5.45,18,51,40,360,9.00,2,4,2,20,0,0,333,373.1,1,1
2,CooperKupp,LAR,WR,28,17,17,0,1,0,0,0,4,18,4.50,0,191,145,1947,13.43,16,0,0,16,1,0,295,439.5,1,2
3,DeeboSamuel,SFO,WR,25,16,15,1,2,24,1,0,59,365,6.19,8,121,77,1405,18.25,6,4,2,14,0,0,262,339.0,2,3
4,JoshAllen,BUF,QB,25,17,17,409,646,4407,36,15,122,763,6.25,6,0,0,0,0,0,8,3,6,2,1,403,402.6,1,4
5,AustinEkeler,LAC,RB,26,16,16,0,0,0,0,0,206,911,4.42,12,94,70,647,9.24,8,4,3,20,2,0,274,343.8,2,5
6,JustinHerbert,LAC,QB,23,17,17,443,672,5014,38,15,63,302,4.79,3,0,0,0,0,0,1,1,3,1,5,381,380.8,2,6
7,TomBrady,TAM,QB,44,17,17,485,719,5316,43,12,28,81,2.89,2,0,0,0,0,0,4,3,2,0,0,375,374.7,3,7
8,MarkAndrews,BAL,TE,26,17,9,0,0,0,0,0,1,0,0.00,0,153,107,1361,12.72,9,1,0,9,2,0,194,301.1,1,8
9,JaMarrChase,CIN,WR,21,17,17,0,0,0,0,0,7,21,3.00,0,128,81,1455,17.96,13,2,1,13,0,0,224,304.6,3,9
10,JustinJefferson,MIN,WR,22,17,17,2,4,35,0,0,6,14,2.33,0,167,108,1616,14.96,10,1,1,10,0,0,222,330.4,4,10
11,JoeMixon,CIN,RB,25,16,16,0,0,0,0,0,292,1205,4.13,13,48,42,314,7.48,3,2,1,16,0,0,246,287.9,3,11
12,DavanteAdams,GNB,WR,29,16,16,0,0,0,0,0,0,0,0,0,169,123,1553,12.63,11,0,0,11,0,0,221,344.3,5,12
13,PatrickMahomes,KAN,QB,26,17,17,436,658,4839,37,13,66,381,5.77,2,0,0,0,0,0,9,4,2,1,1,362,361.7,4,13
14,NajeeHarris,PIT,RB,23,17,17,0,0,0,0,0,307,1200,3.91,7,94,74,467,6.31,3,0,0,10,0,0,227,300.7,4,14
15,TravisKelce,KAN,TE,32,16,16,0,0,0,0,0,2,3,1.50,1,134,92,1125,12.23,9,1,1,10,0,0,171,262.8,2,15
16,JamesConner,ARI,RB,26,15,6,0,0,0,0,0,202,752,3.72,15,39,37,375,10.14,3,2,0,18,0,0,221,257.7,5,16
17,MikeEvans,TAM,WR,28,16,16,0,0,0,0,0,1,10,10.00,0,114,74,1035,13.99,14,0,0,14,0,0,189,262.5,6,17
18,AaronRodgers,GNB,QB,38,16,16,366,531,4115,37,4,33,101,3.06,3,1,1,-4,-4.00,0,3,0,3,0,0,332,333.3,5,18
19,TyreekHill,KAN,WR,27,17,16,0,0,0,0,0,9,96,10.67,0,159,111,1239,11.16,9,2,1,9,0,0,186,296.5,7,19
20,MatthewStafford,LAR,QB,33,17,17,404,601,4886,41,17,32,43,1.34,0,0,0,0,0,0,5,2,0,0,2,330,329.7,6,20
21,StefonDiggs,BUF,WR,28,17,17,0,0,0,0,0,0,0,0,0,164,103,1225,11.89,10,1,0,10,0,0,183,285.5,8,21
22,EzekielElliott,DAL,RB,26,17,17,1,1,4,0,0,237,1002,4.23,10,65,47,287,6.11,2,1,1,12,3,0,205,252.1,6,22
23,DakPrescott,DAL,QB,28,16,16,410,596,4449,37,10,48,146,3.04,1,0,0,0,0,0,14,6,1,1,2,321,320.6,7,23
24,NickChubb,CLE,RB,26,14,14,0,0,0,0,0,228,1259,5.52,8,25,20,174,8.70,1,2,1,9,0,0,195,215.3,7,24
25,MikeWilliams,LAC,WR,27,16,14,0,0,0,0,0,0,0,0,0,129,76,1146,15.08,9,0,0,9,1,0,171,246.6,9,25
26,DKMetcalf,SEA,WR,24,17,17,0,0,0,0,0,1,6,6.00,0,129,75,967,12.89,12,1,0,12,0,0,169,244.3,10,26
27,TylerLockett,SEA,WR,29,16,16,0,0,0,0,0,2,9,4.50,0,107,73,1175,16.10,8,0,0,8,1,0,168,241.4,11,27
28,DamienHarris,NWE,RB,24,15,15,0,0,0,0,0,202,929,4.60,15,21,18,132,7.33,0,2,2,15,0,0,192,210.1,8,28
29,JoeBurrow,CIN,QB,25,16,16,366,520,4611,34,14,40,118,2.95,2,0,0,0,0,0,5,2,2,0,1,314,314.2,8,29
30,DiontaeJohnson,PIT,WR,25,16,14,0,0,0,0,0,5,53,10.60,0,169,107,1161,10.85,8,2,2,8,1,0,167,274.4,12,30
31,JalenHurts,PHI,QB,23,15,15,265,432,3144,16,9,139,784,5.64,10,1,0,0,0,0,9,2,10,0,3,312,312.2,9,31
32,AlvinKamara,NOR,RB,26,13,10,0,0,0,0,0,240,898,3.74,4,67,47,439,9.34,5,0,0,9,0,0,188,234.7,9,32
33,AntonioGibson,WAS,RB,23,16,14,0,0,0,0,0,258,1037,4.02,7,52,42,294,7.00,3,6,4,10,1,0,187,229.1,10,33
34,LeonardFournette,TAM,RB,26,14,13,0,1,0,0,0,180,812,4.51,8,84,69,454,6.58,2,1,0,10,0,0,187,255.6,11,34
35,DaltonSchultz,DAL,TE,25,17,15,0,0,0,0,0,0,0,0,0,104,78,808,10.36,8,0,0,8,1,0,131,208.8,3,35
36,CordarrellePatterson,ATL,RB,30,16,13,0,1,0,0,0,153,618,4.04,6,69,52,548,10.54,5,2,0,11,0,0,183,234.6,12,36
37,GeorgeKittle,SFO,TE,28,14,14,0,0,0,0,0,3,20,6.67,0,94,71,910,12.82,6,2,1,6,0,0,127,198.0,4,37
38,HunterRenfrow,LVR,WR,26,17,9,0,0,0,0,0,3,3,1.00,0,128,103,1038,10.08,9,5,1,9,0,0,156,259.1,13,38
39,CeeDeeLamb,DAL,WR,22,16,13,0,0,0,0,0,9,76,8.44,0,120,79,1102,13.95,6,0,0,6,0,0,154,232.8,14,39
40,KylerMurray,ARI,QB,24,14,14,333,481,3787,24,10,88,423,4.81,5,0,0,7,0,0,13,0,5,0,0,300,300.5,10,40
41,KirkCousins,MIN,QB,33,16,16,372,561,4221,33,7,29,115,3.97,1,0,0,0,0,0,12,2,1,0,0,300,300.3,11,41
42,AaronJones,GNB,RB,27,15,15,0,0,0,0,0,171,799,4.67,4,65,52,391,7.52,6,2,1,10,0,0,177,229.0,13,42
43,KeenanAllen,LAC,WR,29,16,16,0,1,0,0,0,0,0,0,0,157,106,1138,10.74,6,1,0,6,0,1,152,257.8,15,43
44,DerrickHenry,TEN,RB,27,8,8,1,1,5,1,0,219,937,4.28,10,20,18,154,8.56,0,1,0,10,1,0,175,193.3,14,44
45,MichaelPittmanJr,IND,WR,24,17,17,0,0,0,0,0,5,44,8.80,0,129,88,1082,12.30,6,1,0,6,1,0,151,238.6,16,45
46,DalvinCook,MIN,RB,26,13,13,0,0,0,0,0,249,1159,4.65,6,49,34,224,6.59,0,3,2,6,1,0,172,206.3,15,46
47,JoshJacobs,LVR,RB,23,15,14,0,0,0,0,0,217,872,4.02,9,64,54,348,6.44,0,2,2,9,0,0,172,226.0,16,47
48,RobGronkowski,TAM,TE,32,12,12,0,0,0,0,0,0,0,0,0,89,55,802,14.58,6,0,0,6,0,0,116,171.2,5,48
49,TeeHiggins,CIN,WR,22,14,14,0,0,0,0,0,0,0,0,0,110,74,1091,14.74,6,1,1,6,1,0,145,219.1,17,49
50,DawsonKnox,BUF,TE,25,15,14,0,0,0,0,0,0,4,0,0,71,49,587,11.98,9,0,0,9,0,1,115,164.1,6,50
51,DJMoore,CAR,WR,24,17,17,0,0,0,0,0,8,48,6.00,0,163,93,1157,12.44,4,1,1,4,1,0,145,237.5,18,51
52,ChrisGodwin,TAM,WR,25,14,14,0,0,0,0,0,4,21,5.25,1,127,98,1103,11.26,5,2,2,6,0,0,144,242.4,19,52
53,HunterHenry,NWE,TE,27,17,10,0,0,0,0,0,0,0,0,0,75,50,603,12.06,9,0,0,9,0,0,114,164.3,7,53
54,MelvinGordon,DEN,RB,28,16,16,0,0,0,0,0,203,918,4.52,8,38,28,213,7.61,2,3,3,10,0,0,167,195.1,17,54
55,JaylenWaddle,MIA,WR,23,16,16,0,0,0,0,0,2,3,1.50,1,140,104,1015,9.76,6,2,1,7,0,0,142,245.8,21,55
56,BrandinCooks,HOU,WR,28,16,16,0,0,0,0,0,2,21,10.50,0,134,90,1037,11.52,6,0,0,6,0,0,142,231.8,20,56
57,DallasGoedert,PHI,TE,26,15,14,0,0,0,0,0,0,0,0,0,76,56,830,14.82,4,1,0,4,1,0,109,165.0,8,57
58,DarnellMooney,CHI,WR,24,17,14,0,0,0,0,0,6,32,5.33,1,140,81,1055,13.02,4,0,0,5,0,0,139,219.7,22,58
59,KylePitts,ATL,TE,21,17,15,0,0,0,0,0,0,0,0,0,110,68,1026,15.09,1,0,0,1,0,0,109,176.6,9,59
60,JavonteWilliams,DEN,RB,21,17,1,0,0,0,0,0,203,903,4.45,4,53,43,316,7.35,3,2,1,7,0,0,162,204.9,18,60
61,AmonRaStBrown,DET,WR,22,17,9,0,0,0,0,0,7,61,8.71,1,119,90,912,10.13,5,0,0,6,2,0,137,227.3,23,61
62,ZachErtz,2TM,TE,31,17,14,0,0,0,0,0,1,4,4.00,0,112,74,763,10.31,5,0,0,5,0,0,107,180.7,10,62
63,TerryMcLaurin,WAS,WR,26,17,17,0,0,0,0,0,1,12,12.00,0,130,77,1053,13.68,5,0,0,5,0,0,137,213.5,24,63
64,MarquiseBrown,BAL,WR,24,16,16,0,0,0,0,0,1,5,5.00,0,146,91,1008,11.08,6,3,1,6,0,0,135,226.3,25,64
65,AmariCooper,DAL,WR,27,15,14,0,0,0,0,0,0,0,0,0,104,68,865,12.72,8,1,0,8,0,0,135,202.5,26,65
66,DevinSingletary,BUF,RB,24,17,16,0,0,0,0,0,188,870,4.63,7,50,40,228,5.70,1,5,0,8,0,0,158,197.8,19,66
67,AdamThielen,MIN,WR,31,13,13,0,0,0,0,0,1,2,2.00,0,95,67,726,10.84,10,1,0,10,0,0,133,199.8,27,67
68,ChristianKirk,ARI,WR,25,17,11,1,1,33,0,0,1,11,11.00,0,103,77,982,12.75,5,0,0,5,0,0,131,207.6,28,68
69,DavidMontgomery,CHI,RB,24,13,13,0,1,0,0,1,225,849,3.77,7,51,42,301,7.17,0,1,1,7,0,0,153,195.0,20,69
70,AJDillon,GNB,RB,23,17,2,0,0,0,0,0,187,803,4.29,5,37,34,313,9.21,2,2,1,7,0,0,152,185.6,21,70
71,KendrickBourne,NWE,WR,26,17,5,1,1,25,1,0,12,125,10.42,0,70,55,800,14.55,5,1,1,5,0,0,126,180.5,29,71
72,DarrelWilliams,KAN,RB,26,17,7,0,0,0,0,0,144,558,3.88,6,57,47,452,9.62,2,0,0,8,0,0,149,196.0,22,72
73,DAndreSwift,DET,RB,22,13,4,0,1,0,0,0,151,617,4.09,5,78,62,452,7.29,2,2,1,7,0,0,147,208.9,23,73
74,MikeGesicki,MIA,TE,26,17,9,0,1,0,0,0,0,0,0,0,112,73,780,10.68,2,0,0,2,1,0,92,165.0,11,74
76,ElijahMitchell,SFO,RB,23,11,10,0,0,0,0,0,207,963,4.65,5,20,19,137,7.21,1,0,0,6,0,0,146,165.0,24,76
78,RyanTannehill,TEN,QB,33,17,17,357,531,3734,21,14,55,270,4.91,7,0,0,0,0,0,10,4,7,0,1,268,268.4,12,78
79,CarsonWentz,IND,QB,29,17,17,322,516,3563,27,7,57,215,3.77,1,0,0,0,0,0,8,5,1,0,2,258,258.0,13,0
80,DerekCarr,LVR,QB,30,17,17,428,626,4804,23,14,40,108,2.70,0,0,0,0,0,0,13,5,0,0,0,257,257.0,14,0
81,RussellWilson,SEA,QB,33,14,14,259,400,3113,25,6,43,183,4.26,2,0,0,0,0,0,6,1,2,0,1,243,242.8,15,0
82,LamarJackson,BAL,QB,24,12,12,246,382,2882,16,13,133,767,5.77,2,0,0,0,0,0,6,3,2,0,2,240,240.0,16,0
83,JimmyGaroppolo,SFO,QB,30,15,15,301,441,3810,20,12,38,51,1.34,3,0,0,0,0,0,8,3,3,0,1,228,227.5,17,0
84,MacJones,NWE,QB,23,17,17,352,521,3801,22,13,44,129,2.93,0,0,0,0,0,0,7,3,0,0,2,225,224.9,18,0
85,MattRyan,ATL,QB,36,17,17,375,560,3968,20,12,40,82,2.05,1,0,0,0,0,0,11,4,1,1,0,223,222.9,19,0
86,TaylorHeinicke,WAS,QB,28,16,15,321,494,3419,20,15,60,313,5.22,1,1,1,-2,-2.00,0,7,2,1,1,0,222,222.9,20,0
87,BenRoethlisberger,PIT,QB,39,16,16,390,605,3740,22,10,20,5,0.25,1,0,0,0,0,0,11,5,1,0,2,218,218.1,21,0
88,TeddyBridgewater,DEN,QB,29,14,14,285,426,3052,18,7,30,106,3.53,2,0,0,0,0,0,1,1,2,0,1,203,202.7,22,0
89,TrevorLawrence,JAX,QB,22,17,17,359,602,3641,12,17,73,334,4.58,2,0,0,0,0,0,9,5,2,0,2,199,199.0,23,0
90,JaredGoff,DET,QB,27,14,14,332,494,3245,19,8,17,87,5.12,0,0,0,0,0,0,9,6,0,0,4,195,194.5,24,0
91,BakerMayfield,CLE,QB,26,14,14,253,418,3010,17,13,37,134,3.62,1,0,0,11,0,0,6,3,1,0,2,181,180.9,26,0
92,TuaTagovailoa,MIA,QB,23,13,12,263,388,2653,16,10,42,128,3.05,3,0,0,0,0,0,9,1,3,0,1,181,180.9,25,0
93,DanielJones,NYG,QB,24,11,11,232,361,2428,10,7,62,298,4.81,2,1,1,16,16.00,0,7,3,2,2,1,167,167.5,27,0
94,SamDarnold,CAR,QB,24,12,11,243,406,2527,9,13,48,222,4.63,5,0,0,0,0,0,9,4,5,0,1,157,157.3,28,0
95,DavisMills,HOU,QB,23,13,11,263,394,2664,16,10,18,44,2.44,0,0,0,0,0,0,5,1,0,1,1,157,157.0,29,0
96,ZachWilson,NYJ,QB,22,13,13,213,383,2334,9,11,29,185,6.38,4,1,0,0,0,0,5,1,4,1,1,152,151.9,30,0
97,JamesRobinson,JAX,RB,23,14,13,0,0,0,0,0,164,767,4.68,8,46,31,222,7.16,0,4,2,8,0,0,143,173.9,25,0
98,DarrellHenderson,LAR,RB,24,12,10,0,0,0,0,0,149,688,4.62,5,40,29,176,6.07,3,0,0,8,0,0,134,163.4,26,0
99,JustinFields,CHI,QB,22,12,10,159,270,1870,7,10,72,420,5.83,2,0,0,0,0,0,12,5,2,0,0,127,126.8,31,0
100,MylesGaskin,MIA,RB,24,17,10,0,0,0,0,0,173,612,3.54,3,63,49,234,4.78,4,2,1,7,0,0,125,173.6,28,0
101,SonyMichel,LAR,RB,26,17,7,0,0,0,0,0,208,845,4.06,4,33,21,128,6.10,1,1,1,5,0,0,125,146.3,27,0
102,TonyPollard,DAL,RB,24,15,0,0,0,0,0,0,130,719,5.53,2,46,39,337,8.64,0,2,0,3,0,0,124,162.6,29,0
103,DeVontaSmith,PHI,WR,23,17,16,0,0,0,0,0,0,0,0,0,104,64,916,14.31,5,1,1,5,1,0,122,185.6,30,0
104,AJBrown,TEN,WR,24,13,13,0,2,0,0,0,2,10,5.00,0,105,63,869,13.79,5,0,0,5,0,0,118,180.9,32,0
105,MichaelCarter,NYJ,RB,22,14,11,0,0,0,0,0,147,639,4.35,4,55,36,325,9.03,0,1,1,4,0,0,118,154.4,30,0
106,TaysomHill,NOR,QB,31,12,9,78,134,978,4,5,70,374,5.34,5,6,4,52,13.00,0,2,0,5,0,0,118,121.7,32,0
107,VanJefferson,LAR,WR,25,17,17,0,0,0,0,0,2,20,10.00,0,89,50,802,16.04,6,0,0,6,0,0,118,168.2,31,0
108,TylerBoyd,CIN,WR,27,16,10,1,1,46,0,0,2,22,11.00,0,94,67,828,12.36,5,1,0,5,0,0,117,183.8,33,0
109,JameisWinston,NOR,QB,27,7,7,95,161,1170,14,3,32,166,5.19,1,0,0,0,0,0,2,1,1,0,0,117,117.4,33,0
110,RashaadPenny,SEA,RB,25,10,6,0,0,0,0,0,119,749,6.29,6,8,6,48,8.00,0,0,0,6,0,0,116,121.7,31,0
111,BrandonAiyuk,SFO,WR,23,17,16,0,0,0,0,0,5,17,3.40,0,84,56,826,14.75,5,2,1,5,1,0,114,170.3,34,0
112,DevontaFreeman,BAL,RB,29,16,8,0,0,0,0,0,133,576,4.33,5,42,34,190,5.59,1,0,0,6,0,0,113,146.6,32,0
113,ChubaHubbard,CAR,RB,22,17,10,0,0,0,0,0,172,612,3.56,5,37,25,174,6.96,1,1,1,6,0,0,113,137.6,33,0
114,KJOsborn,MIN,WR,24,17,9,0,0,0,0,0,1,10,10.00,0,82,50,655,13.10,7,0,0,7,0,0,109,158.5,35,0
115,SaquonBarkley,NYG,RB,24,13,13,0,0,0,0,0,162,593,3.66,2,57,41,263,6.41,2,2,1,4,0,0,108,148.6,34,0
116,ChaseClaypool,PIT,WR,23,15,13,0,0,0,0,0,14,96,6.86,0,105,59,860,14.58,2,0,0,2,0,0,108,166.6,36,0
117,MarvinJones,JAX,WR,31,17,16,0,0,0,0,0,0,0,0,0,120,73,832,11.40,4,0,0,4,0,0,107,180.2,37,0
118,MarquezCallaway,NOR,WR,23,17,11,0,0,0,0,0,0,0,0,0,84,46,698,15.17,6,0,0,6,0,0,106,151.8,38,0
119,DeAndreHopkins,ARI,WR,29,10,10,0,0,0,0,0,0,0,0,0,64,42,572,13.62,8,0,0,8,0,0,105,147.2,39,0
120,DevontaeBooker,NYG,RB,29,16,4,0,0,0,0,0,145,593,4.09,2,45,40,268,6.70,1,0,0,3,0,0,104,144.1,35,0
121,AJGreen,ARI,WR,33,16,9,0,0,0,0,0,0,0,0,0,92,54,848,15.70,3,0,0,3,0,0,103,156.8,43,0
122,AllenLazard,GNB,WR,26,15,13,0,0,0,0,0,3,32,10.67,0,60,40,513,12.83,8,0,0,8,0,0,103,142.5,44,0
123,JakobiMeyers,NWE,WR,25,17,16,2,2,45,0,0,1,9,9.00,0,126,83,866,10.43,2,1,1,2,2,0,103,186.3,41,0
124,TimPatrick,DEN,WR,28,16,16,0,0,0,0,0,0,0,0,0,85,53,734,13.85,5,0,0,5,0,0,103,156.4,40,0
125,CedrickWilsonJr,DAL,WR,26,16,4,3,3,88,0,0,2,11,5.50,0,61,45,602,13.38,6,3,0,6,1,0,103,147.8,42,0
126,RhamondreStevenson,NWE,RB,23,12,2,0,0,0,0,0,133,606,4.56,5,18,14,123,8.79,0,2,1,5,0,0,101,114.9,36,0
127,ChaseEdmonds,ARI,RB,25,12,11,0,0,0,0,0,116,592,5.10,2,53,43,311,7.23,0,1,1,2,0,0,100,143.3,37,0
128,ClydeEdwardsHelaire,KAN,RB,22,10,10,0,0,0,0,0,119,517,4.34,4,23,19,129,6.79,2,2,2,6,1,0,99,117.6,38,0
129,RussellGage,ATL,WR,25,14,9,0,0,0,0,0,0,0,0,0,94,66,770,11.67,4,2,2,4,0,0,97,163.0,45,0
130,ElijahMoore,NYJ,WR,21,11,6,0,0,0,0,0,5,54,10.80,1,77,43,538,12.51,5,0,0,6,0,0,95,138.2,46,0
131,MikeDavis,ATL,RB,28,17,8,0,0,0,0,0,138,503,3.64,3,58,44,259,5.89,1,4,3,4,0,0,94,138.2,39,0
132,AlexanderMattison,MIN,RB,23,16,4,0,0,0,0,0,134,491,3.66,3,39,32,228,7.13,1,1,1,4,0,0,94,125.9,40,0
133,LataviusMurray,BAL,RB,31,14,6,0,0,0,0,0,119,501,4.21,6,13,10,75,7.50,0,0,0,6,0,0,94,103.6,42,0
134,JamaalWilliams,DET,RB,26,13,11,0,0,0,0,0,153,601,3.93,3,28,26,157,6.04,0,1,0,3,0,0,94,119.8,41,0
135,PatFreiermuth,PIT,TE,23,16,9,0,0,0,0,0,0,0,0,0,79,60,497,8.28,7,1,1,7,1,0,92,151.7,12,0
136,CourtlandSutton,DEN,WR,26,17,16,1,1,16,0,0,0,0,0,0,98,58,776,13.38,2,0,0,2,1,0,92,150.2,47,0
137,RobertWoods,LAR,WR,29,9,9,0,0,0,0,0,8,46,5.75,1,69,45,556,12.36,4,0,0,5,1,0,92,137.2,48,0
138,GabrielDavis,BUF,WR,22,16,4,0,0,0,0,0,0,0,0,0,63,35,549,15.69,6,0,0,6,0,0,91,125.9,49,0
139,NoahFant,DEN,TE,24,16,16,0,0,0,0,0,0,0,0,0,90,68,670,9.85,4,0,0,4,0,0,91,159.0,13,0
140,ChristianMcCaffrey,CAR,RB,25,7,7,0,0,0,0,0,99,442,4.46,1,41,37,343,9.27,1,1,0,2,0,0,91,127.5,44,0
141,MilesSanders,PHI,RB,24,12,12,0,0,0,0,0,137,754,5.50,0,34,26,158,6.08,0,1,1,0,1,0,91,117.2,43,0
142,KennethGainwell,PHI,RB,22,16,1,0,0,0,0,0,68,291,4.28,5,50,33,253,7.67,1,2,1,6,1,0,90,123.4,45,0
143,EmmanuelSanders,BUF,WR,34,14,13,0,0,0,0,0,2,31,15.50,0,72,42,626,14.90,4,0,0,4,0,0,90,131.7,50,0
144,TrevorSiemian,NOR,QB,30,6,4,108,188,1154,11,3,9,20,2.22,1,0,0,0,0,0,3,1,1,0,0,90,90.2,34,0
145,KareemHunt,CLE,RB,26,8,1,0,0,0,0,0,78,386,4.95,5,27,22,174,7.91,0,0,0,5,1,0,88,110.0,46,0
146,RobbyAnderson,CAR,WR,28,17,16,0,0,0,0,0,3,36,12.00,0,110,53,519,9.79,5,0,0,5,0,0,86,138.5,51,0
147,TylerHigbee,LAR,TE,28,15,15,0,0,0,0,0,0,0,0,0,85,61,560,9.18,5,1,0,5,0,0,86,147.0,14,0
148,CamNewton,CAR,QB,32,8,5,69,126,684,4,5,47,230,4.89,5,0,0,0,0,0,4,1,5,0,1,86,86.4,35,0
149,BostonScott,PHI,RB,26,16,4,0,0,0,0,0,87,373,4.29,7,16,13,83,6.38,0,1,1,7,0,0,86,98.6,47,0
150,OdellBeckhamJr,2TM,WR,29,14,13,0,0,0,0,0,2,14,7.00,0,82,44,537,12.20,5,0,0,5,0,0,85,129.1,52,0
151,DOntaForeman,TEN,RB,25,9,3,0,0,0,0,0,133,566,4.26,3,11,9,123,13.67,0,2,1,3,0,0,85,93.9,49,0
152,DErnestJohnson,CLE,RB,25,17,2,0,0,0,0,0,100,534,5.34,3,25,19,137,7.21,0,1,0,3,0,0,85,104.1,48,0
153,JDMcKissic,WAS,RB,28,11,3,0,0,0,0,0,48,212,4.42,2,53,43,397,9.23,2,0,0,4,0,0,85,127.9,50,0
154,ByronPringle,KAN,WR,28,17,5,0,0,0,0,0,0,0,0,0,60,42,568,13.52,5,2,1,5,0,0,85,126.8,53,0
155,JaredCook,LAC,TE,34,16,10,0,0,0,0,0,0,0,0,0,83,48,564,11.75,4,0,0,4,2,0,84,132.4,15,0
156,AndyDalton,CHI,QB,34,8,6,149,236,1515,8,9,16,76,4.75,0,0,0,0,0,0,1,1,0,0,2,84,84.2,36,0
157,TJHockenson,DET,TE,24,12,12,0,0,0,0,0,0,0,0,0,84,61,583,9.56,4,0,0,4,1,0,84,145.3,16,0
158,KalifRaymond,DET,WR,27,16,14,0,0,0,0,0,4,28,7.00,0,71,48,576,12.00,4,0,0,4,0,0,84,132.4,54,0
159,BrandonBolden,NWE,RB,31,17,1,0,0,0,0,0,44,226,5.14,1,49,41,405,9.88,2,1,0,3,1,0,83,124.1,51,0
160,TylerHuntley,BAL,QB,23,7,4,122,188,1081,3,4,47,294,6.26,2,0,0,0,0,0,4,3,2,0,0,83,82.6,37,0
161,TyJohnson,NYJ,RB,24,16,3,0,0,0,0,0,61,238,3.90,2,55,34,372,10.94,2,2,1,4,0,0,83,117.0,52,0
162,MecoleHardman,KAN,WR,23,17,8,0,0,0,0,0,8,46,5.75,0,83,59,693,11.75,2,3,2,2,0,0,82,140.9,55,0
163,MarkIngram,2TM,RB,32,14,10,0,0,0,0,0,160,554,3.46,2,35,27,162,6.00,0,1,1,2,0,0,82,108.6,54,0
164,ZackMoss,BUF,RB,24,13,0,0,0,0,0,0,96,345,3.59,4,32,23,197,8.57,1,2,1,5,0,0,82,105.2,53,0
165,TyrodTaylor,HOU,QB,32,6,6,91,150,966,5,5,19,151,7.95,3,0,0,0,0,0,3,0,3,0,0,82,81.7,38,0
166,JarvisLandry,CLE,WR,29,12,12,0,0,0,0,0,6,40,6.67,2,87,52,570,10.96,2,3,2,4,0,0,81,133.0,56,0
167,AntonioBrown,TAM,WR,33,7,3,0,0,0,0,0,1,6,6.00,0,62,42,545,12.98,4,0,0,4,0,0,79,121.1,57,0
168,RexBurkhead,HOU,RB,31,16,5,0,1,0,0,0,122,427,3.50,3,32,25,186,7.44,0,1,0,3,0,0,79,104.3,55,0
169,CJUzomah,CIN,TE,28,16,16,0,0,0,0,0,0,0,0,0,63,49,493,10.06,5,0,0,5,0,0,79,128.3,17,0
170,DarrenWaller,LVR,TE,29,11,11,0,0,0,0,0,0,0,0,0,93,55,665,12.09,2,0,0,2,0,0,79,133.5,18,0
171,ColeBeasley,BUF,WR,32,16,8,0,1,0,0,0,0,0,0,0,112,82,693,8.45,1,1,0,1,1,0,77,159.3,58,0
172,TylerConklin,MIN,TE,26,17,15,0,0,0,0,0,0,0,0,0,87,61,593,9.72,3,1,0,3,0,0,77,138.3,19,0
173,DeonteHarris,NOR,WR,24,13,1,0,0,0,0,0,5,41,8.20,0,59,36,570,15.83,3,2,1,3,0,0,77,113.1,59,0
174,DonovanPeoplesJones,CLE,WR,22,14,9,0,0,0,0,0,0,0,0,0,58,34,597,17.56,3,2,1,3,0,0,76,109.7,60,0
175,BraxtonBerrios,NYJ,WR,26,16,1,0,0,0,0,0,7,40,5.71,2,65,46,431,9.37,2,1,1,5,0,0,75,121.1,61,0
176,BryanEdwards,LVR,WR,23,16,12,0,0,0,0,0,1,0,0.00,0,59,34,571,16.79,3,1,0,3,0,0,75,109.1,62,0
177,KenyanDrake,LVR,RB,27,12,2,0,0,0,0,0,63,254,4.03,2,40,30,291,9.70,1,1,0,3,0,0,73,102.5,57,0
178,NyheimHines,IND,RB,25,17,4,0,0,0,0,0,56,276,4.93,2,57,40,310,7.75,1,3,2,3,0,0,73,112.6,56,0
179,QuezWatkins,PHI,WR,23,17,12,0,0,0,0,0,1,3,3.00,0,62,43,647,15.05,1,0,0,1,1,0,73,116.0,63,0
180,JacobyBrissett,MIA,QB,29,11,5,141,225,1283,5,4,19,70,3.68,1,0,0,0,0,0,6,3,1,0,1,72,72.3,39,0
181,DavidNjoku,CLE,TE,25,16,11,0,0,0,0,0,1,1,1.00,0,53,36,475,13.19,4,0,0,4,0,0,72,107.6,20,0
182,CoreyDavis,NYJ,WR,26,9,9,0,0,0,0,0,0,0,0,0,59,34,492,14.47,4,2,1,4,0,0,71,105.2,64,0
183,GeraldEverett,SEA,TE,27,15,12,0,0,0,0,0,3,20,6.67,0,63,48,478,9.96,4,2,2,4,0,0,70,117.8,21,0
184,NickWestbrookIkhine,TEN,WR,24,16,7,0,0,0,0,0,0,0,0,0,57,38,476,12.53,4,1,1,4,0,0,70,107.6,65,0
185,RonaldJonesII,TAM,RB,24,16,3,0,0,0,0,0,101,428,4.24,4,13,10,64,6.40,0,2,2,4,0,0,69,79.2,58,0
186,NelsonAgholor,NWE,WR,28,15,13,0,0,0,0,0,3,11,3.67,0,64,37,473,12.78,3,0,0,3,0,0,66,103.4,66,0
187,RandallCobb,GNB,WR,31,12,3,0,0,0,0,0,1,1,1.00,0,39,28,375,13.39,5,1,1,5,0,0,66,93.6,68,0
188,JalenGuyton,LAC,WR,24,16,2,0,0,0,0,0,7,34,4.86,0,48,31,448,14.45,3,1,0,3,0,0,66,97.2,67,0
189,KhalilHerbert,CHI,RB,23,17,2,0,0,0,0,0,103,433,4.20,2,16,14,96,6.86,0,1,0,2,0,0,65,78.9,59,0
190,TreyLance,SFO,QB,21,6,2,41,71,603,5,2,38,168,4.42,1,0,0,0,0,0,0,0,1,1,0,65,64.9,40,0
191,JustinJackson,LAC,RB,25,14,2,0,0,0,0,0,68,364,5.35,2,25,22,178,8.09,0,1,1,2,0,0,64,86.2,60,0
192,DeVanteParker,MIA,WR,28,10,8,0,0,0,0,0,0,0,0,0,73,40,515,12.88,2,0,0,2,0,0,64,103.5,70,0
193,LaviskaShenaultJr,JAX,WR,23,16,10,0,0,0,0,0,11,41,3.73,0,100,63,619,9.83,0,1,1,0,0,0,64,127.0,69,0
194,DeAndreCarter,WAS,WR,28,17,6,0,0,0,0,0,10,89,8.90,0,44,24,296,12.33,3,3,0,4,0,0,63,86.5,71,0
195,FreddieSwain,SEA,WR,23,17,8,0,0,0,0,0,5,32,6.40,0,40,25,343,13.72,4,1,0,4,0,0,62,86.5,72,0
196,JordanHoward,PHI,RB,27,7,0,0,0,0,0,0,86,406,4.72,3,5,2,19,9.50,0,0,0,3,0,0,61,62.5,61,0
197,ColeKmet,CHI,TE,22,17,17,0,0,0,0,0,1,0,0.00,0,93,60,612,10.20,0,0,0,0,0,0,61,121.2,22,0
198,HenryRuggsIII,LVR,WR,22,7,7,0,0,0,0,0,3,16,5.33,0,36,24,469,19.54,2,0,0,2,0,0,61,84.5,74,0
199,MarquezValdesScantling,GNB,WR,27,11,7,0,0,0,0,0,0,0,0,0,55,26,430,16.54,3,0,0,3,0,0,61,87.0,73,0
200,AlexCollins,SEA,RB,27,11,6,0,0,0,0,0,108,411,3.81,2,10,9,87,9.67,0,1,1,2,0,0,60,68.8,62,0
201,JoshPalmer,LAC,WR,23,17,5,0,0,0,0,0,1,6,6.00,0,49,33,353,10.70,4,0,0,4,0,0,60,92.9,75,0
202,JamisonCrowder,NYJ,WR,28,12,4,0,0,0,0,0,0,0,0,0,71,51,447,8.76,2,1,1,2,1,1,59,109.7,78,0
203,ZayJones,LVR,WR,26,17,9,0,0,0,0,0,2,3,1.50,0,70,47,546,11.62,1,1,1,1,0,0,59,105.9,76,0
204,OlamideZaccheaus,ATL,WR,24,17,8,0,0,0,0,0,1,2,2.00,0,53,31,406,13.10,3,0,0,3,0,0,59,89.8,77,0
205,RashodBateman,BAL,WR,22,12,4,0,0,0,0,0,0,0,0,0,68,46,515,11.20,1,0,0,1,0,0,58,103.5,80,0
206,JauanJennings,SFO,WR,24,16,1,0,0,0,0,0,0,0,0,0,38,24,282,11.75,5,1,0,5,0,0,58,82.2,79,0
207,EvanEngram,NYG,TE,27,15,12,0,0,0,0,0,1,-3,-3.00,0,73,46,408,8.87,3,1,1,3,0,0,57,102.5,23,0
208,MichaelGallup,DAL,WR,25,9,8,0,0,0,0,0,0,0,0,0,62,35,445,12.71,2,0,0,2,0,0,57,91.5,81,0
209,ZachPascal,IND,WR,27,16,13,0,0,0,0,0,2,21,10.50,0,69,38,384,10.11,3,1,1,3,0,0,57,94.5,82,0
210,MoAlieCox,IND,TE,28,17,7,0,0,0,0,0,0,0,0,0,45,24,316,13.17,4,1,0,4,0,0,56,79.6,24,0
211,DeSeanJackson,2TM,WR,35,16,4,0,0,0,0,0,1,4,4.00,0,34,20,454,22.70,2,1,1,2,0,0,56,75.8,83,0
212,SamajePerine,CIN,RB,26,16,0,0,0,0,0,0,55,246,4.47,1,31,27,196,7.26,1,0,0,2,0,0,56,83.2,63,0
213,TreQuanSmith,NOR,WR,25,11,6,0,0,0,0,0,0,0,0,0,50,32,377,11.78,3,1,0,3,0,0,56,87.7,84,0
214,AustinHooper,CLE,TE,27,16,16,0,0,0,0,0,0,0,0,0,61,38,345,9.08,3,0,0,3,1,0,55,92.5,26,0
215,DukeJohnson,MIA,RB,28,5,4,0,0,0,0,0,71,330,4.65,3,5,4,41,10.25,0,0,0,3,0,0,55,59.1,64,0
216,RondaleMoore,ARI,WR,21,14,7,0,0,0,0,0,18,76,4.22,0,64,54,435,8.06,1,3,1,1,0,0,55,109.1,85,0
217,FosterMoreau,LVR,TE,24,17,11,0,0,0,0,0,0,0,0,0,44,30,373,12.43,3,1,0,3,0,0,55,85.3,25,0
218,DontrellHilliard,TEN,RB,26,8,5,0,0,0,0,0,56,350,6.25,2,26,19,87,4.58,0,2,1,2,0,0,54,72.7,65,0
219,GenoSmith,SEA,QB,31,4,3,65,95,702,5,1,9,42,4.67,1,0,0,0,0,0,1,1,1,0,0,54,54.3,41,0
220,AmeerAbdullah,2TM,RB,28,17,1,0,0,0,0,0,51,166,3.25,0,53,38,289,7.61,1,0,0,1,0,0,52,89.5,66,0
221,JamalAgnew,JAX,WR,26,10,2,0,0,0,0,0,7,111,15.86,1,39,24,229,9.54,1,1,0,3,0,0,52,76.0,87,0
222,KennyGolladay,NYG,WR,28,14,14,0,0,0,0,0,0,0,0,0,76,37,521,14.08,0,0,0,0,0,0,52,89.1,86,0
223,JoshReynolds,2TM,WR,26,12,5,0,0,0,0,0,0,0,0,0,49,29,396,13.66,2,0,0,2,0,0,52,80.6,88,0
224,KeelanCole,NYJ,WR,28,15,11,0,1,0,0,0,0,0,0,0,51,28,449,16.04,1,0,0,1,0,0,51,78.9,90,0
225,NicoCollins,HOU,WR,22,14,8,0,0,0,0,0,0,0,0,0,60,33,446,13.52,1,0,0,1,0,0,51,83.6,91,0
226,TYHilton,IND,WR,32,10,9,0,0,0,0,0,0,0,0,0,37,23,331,14.39,3,0,0,3,0,0,51,74.1,89,0
227,DrewLock,DEN,QB,25,6,3,67,111,787,2,2,10,53,5.30,2,1,1,1,1.00,0,2,1,2,0,0,51,51.9,42,0
228,JackDoyle,IND,TE,31,17,14,0,0,0,0,0,0,0,0,0,43,29,302,10.41,3,0,0,3,1,0,50,79.2,27,0
229,DevinDuvernay,BAL,WR,24,16,7,0,0,0,0,0,7,50,7.14,0,47,33,272,8.24,2,1,0,3,0,0,50,83.2,92,0
230,CameronBrate,TAM,TE,30,17,3,0,0,0,0,0,0,0,0,0,57,30,245,8.17,4,0,0,4,0,0,49,78.5,28,0
231,DavidJohnson,HOU,RB,30,13,4,0,0,0,0,0,67,228,3.40,0,42,32,225,7.03,1,1,1,1,0,0,49,81.3,67,0
232,JulioJones,TEN,WR,32,10,10,0,0,0,0,0,0,0,0,0,48,31,434,14.00,1,0,0,1,0,0,49,80.4,93,0
233,AllenRobinson,CHI,WR,28,12,11,0,0,0,0,0,0,0,0,0,66,38,410,10.79,1,0,0,1,1,0,49,87.0,95,0
234,LaquonTreadwell,JAX,WR,26,12,7,0,0,0,0,0,0,0,0,0,51,33,434,13.15,1,0,0,1,0,0,49,82.4,94,0
235,DerrickGore,KAN,RB,27,11,0,0,0,0,0,0,51,256,5.02,2,9,8,105,13.13,0,0,0,2,0,0,48,56.1,68,0
236,JerryJeudy,DEN,WR,22,10,5,0,0,0,0,0,2,3,1.50,0,56,38,467,12.29,0,1,0,0,0,0,47,85.0,96,0
237,MackHollins,MIA,WR,28,17,3,0,0,0,0,0,0,0,0,0,28,14,223,15.93,4,0,0,4,0,0,46,60.3,97,0
238,TravisHomer,SEA,RB,23,14,0,0,0,0,0,0,21,177,8.43,1,20,16,161,10.06,0,0,0,2,0,0,46,61.8,70,0
239,JoshJohnson,2TM,QB,35,4,1,57,85,638,5,2,9,28,3.11,0,0,0,0,0,0,2,0,0,1,0,46,46.3,43,0
240,JeremyMcNichols,TEN,RB,26,14,0,0,0,0,0,0,41,156,3.80,0,38,28,240,8.57,1,0,0,1,0,0,46,73.6,71,0
241,JaretPatterson,WAS,RB,22,17,1,0,0,0,0,0,68,266,3.91,2,11,10,73,7.30,0,1,0,2,0,0,46,55.9,69,0
242,DannyAmendola,HOU,WR,36,8,0,0,1,0,0,0,0,0,0,0,38,24,248,10.33,3,1,0,3,1,0,45,68.8,99,0
243,AnthonyFirkser,TEN,TE,26,15,1,0,0,0,0,0,0,0,0,0,43,34,291,8.56,2,2,1,3,0,0,45,79.1,29,0
244,JalenReagor,PHI,WR,22,17,13,0,0,0,0,0,10,32,3.20,0,57,33,299,9.06,2,2,0,2,0,0,45,78.1,98,0
245,DamienWilliams,CHI,RB,29,12,2,0,0,0,0,0,40,164,4.10,2,23,16,103,6.44,1,0,0,3,0,0,45,60.7,72,0
246,JeffWilson,SFO,RB,26,9,4,0,0,0,0,0,79,294,3.72,2,8,7,31,4.43,0,1,0,2,0,0,45,51.5,73,0
247,KyleJuszczyk,SFO,RB,30,17,16,0,0,0,0,0,8,22,2.75,1,38,30,296,9.87,1,0,0,2,0,0,44,73.8,74,0
248,DemarcusRobinson,KAN,WR,27,17,10,0,0,0,0,0,0,0,0,0,41,25,264,10.56,3,0,0,3,0,0,44,69.4,100,0
249,MikeWhite,NYJ,QB,26,4,3,88,132,953,5,8,5,-1,-0.20,0,0,0,0,0,0,0,0,0,1,0,44,44.0,44,0
250,ChrisConley,HOU,WR,29,16,10,0,0,0,0,0,1,3,3.00,0,37,22,323,14.68,2,1,1,2,0,0,43,64.6,103,0
251,AlbertOkwuegbunam,DEN,TE,23,14,6,0,0,0,0,0,0,0,0,0,40,33,330,10.00,2,1,1,2,0,0,43,76.0,30,0
252,DariusSlayton,NYG,WR,24,13,5,0,0,0,0,0,1,-13,-13.00,0,58,26,339,13.04,2,1,1,2,0,0,43,68.6,104,0
253,KadariusToney,NYG,WR,22,10,4,1,3,19,0,0,3,6,2.00,0,57,39,420,10.77,0,0,0,0,0,0,43,82.4,102,0
254,SammyWatkins,BAL,WR,28,13,9,0,0,0,0,0,0,0,0,0,49,27,394,14.59,1,1,1,1,0,0,43,70.4,101,0
255,ChrisCarson,SEA,RB,27,4,4,0,0,0,0,0,54,232,4.30,3,6,6,29,4.83,0,1,1,3,0,0,42,48.1,75,0
256,SterlingShepard,NYG,WR,28,7,6,0,0,0,0,0,1,-9,-9.00,0,53,36,366,10.17,1,0,0,1,0,0,42,77.7,106,0
257,JamesWashington,PIT,WR,25,15,2,0,0,0,0,0,2,13,6.50,0,44,24,285,11.88,2,0,0,2,0,0,42,65.8,105,0
258,DanArnold,2TM,TE,26,11,4,0,0,0,0,0,0,0,0,0,52,35,408,11.66,0,1,1,0,1,0,41,75.8,32,0
259,HarrisonBryant,CLE,TE,23,16,3,0,0,0,0,0,0,0,0,0,28,21,233,11.10,3,0,0,3,0,0,41,62.3,31,0
260,TevinColeman,NYJ,RB,28,11,5,0,0,0,0,0,84,356,4.24,0,16,11,49,4.45,0,0,0,0,0,0,41,51.5,77,0
261,PhillipLindsay,2TM,RB,27,14,1,0,0,0,0,0,88,249,2.83,1,5,4,45,11.25,1,0,0,2,0,0,41,45.4,76,0
262,ColtMcCoy,ARI,QB,35,8,3,74,99,740,3,1,22,37,1.68,0,0,0,0,0,0,4,1,0,0,0,41,41.3,45,0
263,PeytonBarber,LVR,RB,27,10,1,0,0,0,0,0,55,212,3.85,2,13,10,67,6.70,0,2,0,2,0,0,40,49.9,78,0
264,JuwanJohnson,NOR,TE,25,14,2,0,0,0,0,0,0,0,0,0,22,13,159,12.23,4,0,0,4,0,0,40,52.9,33,0
265,CalvinRidley,ATL,WR,27,5,5,0,0,0,0,0,0,0,0,0,52,31,281,9.06,2,0,0,2,0,0,40,71.1,107,0
266,DamiereByrd,CHI,WR,28,17,4,0,0,0,0,0,0,0,0,0,38,26,329,12.65,1,1,1,1,1,0,39,64.9,108,0
267,DeeJayDallas,SEA,RB,23,17,0,0,0,0,0,0,33,138,4.18,2,23,21,133,6.33,0,1,0,2,0,0,39,60.1,79,0
268,AshtonDulin,IND,WR,24,17,1,0,0,0,0,0,3,32,10.67,0,22,13,173,13.31,2,0,0,3,0,0,39,51.5,110,0
269,DonaldParham,LAC,TE,24,14,9,0,0,0,0,0,0,0,0,0,27,20,190,9.50,3,0,0,3,1,0,39,59.0,36,0
270,RickySealsJones,WAS,TE,26,13,6,0,0,0,0,0,0,0,0,0,49,30,271,9.03,2,0,0,2,0,0,39,69.1,35,0
271,JonnuSmith,NWE,TE,26,16,11,0,0,0,0,0,9,40,4.44,0,45,28,294,10.50,1,1,0,1,0,0,39,67.4,34,0
272,GeoffSwaim,TEN,TE,28,16,16,0,0,0,0,0,0,0,0,0,40,31,210,6.77,3,0,0,3,0,0,39,70.0,37,0
273,AntoineWesley,ARI,WR,24,15,4,0,0,0,0,0,0,0,0,0,32,19,208,10.95,3,0,0,3,0,0,39,57.8,109,0
274,RyanGriffin,NYJ,TE,31,14,12,0,0,0,0,0,0,0,0,0,42,27,261,9.67,2,1,0,2,0,0,38,65.1,38,0
275,AdamHumphries,WAS,WR,28,17,11,0,0,0,0,0,0,0,0,0,62,41,383,9.34,0,0,0,0,0,0,38,79.3,111,0
276,HaydenHurst,ATL,TE,28,13,5,0,0,0,0,0,0,0,0,0,31,26,221,8.50,3,3,1,3,0,0,38,64.1,39,0
277,JosiahDeguara,GNB,TE,24,16,2,0,0,0,0,0,0,0,0,0,33,25,245,9.80,2,0,0,2,0,0,37,61.5,41,0
278,MarquiseGoodwin,CHI,WR,31,14,2,0,0,0,0,0,2,-1,-0.50,0,40,20,313,15.65,1,1,0,1,0,0,37,57.2,112,0
279,JimmyGraham,CHI,TE,35,15,6,0,0,0,0,0,0,0,0,0,23,14,167,11.93,3,0,0,3,1,0,37,50.7,40,0
280,LilJordanHumphrey,NOR,WR,23,10,4,0,0,0,0,0,0,0,0,0,18,13,249,19.15,2,0,0,2,0,0,37,49.9,113,0
281,DareOgunbowale,JAX,RB,27,17,2,0,0,0,0,0,43,137,3.19,1,21,13,114,8.77,1,0,0,2,0,0,37,50.1,80,0
282,GiovaniBernard,TAM,RB,30,12,0,0,0,0,0,0,8,58,7.25,0,29,23,123,5.35,3,1,0,3,0,0,36,59.1,81,0
283,MattBreida,BUF,RB,26,9,0,0,0,0,0,0,26,125,4.81,1,9,7,72,10.29,2,1,1,3,0,0,36,42.7,82,0
284,TylerJohnson,TAM,WR,23,17,3,0,0,0,0,0,0,0,0,0,55,36,360,10.00,0,0,0,0,0,0,36,72.0,114,0
285,BrevinJordan,HOU,TE,21,9,2,0,0,0,0,0,0,0,0,0,28,20,178,8.90,3,0,0,3,0,0,36,55.8,44,0
286,DurhamSmythe,MIA,TE,26,17,12,0,0,0,0,0,2,3,1.50,0,41,34,357,10.50,0,0,0,0,0,0,36,70.0,43,0
287,LoganThomas,WAS,TE,30,6,6,0,0,0,0,0,0,0,0,0,25,18,196,10.89,3,1,1,3,0,0,36,53.6,45,0
288,AdamTrautman,NOR,TE,24,13,10,0,0,0,0,0,0,0,0,0,43,27,263,9.74,2,1,1,2,0,0,36,63.3,42,0
289,ChrisEvans,CIN,RB,24,14,1,0,0,0,0,0,17,77,4.53,0,17,15,151,10.07,2,0,0,2,0,0,35,49.8,83,0
290,CyrilGrayson,TAM,WR,28,5,3,0,0,0,0,0,1,14,14.00,0,12,10,212,21.20,2,0,0,2,0,0,35,44.6,117,0
291,ChrisMoore,HOU,WR,28,12,1,0,0,0,0,0,0,0,0,0,22,21,227,10.81,2,0,0,2,0,0,35,55.7,116,0
292,MyColePruitt,TEN,TE,29,16,9,0,0,0,0,0,0,0,0,0,18,14,145,10.36,3,0,0,3,1,0,35,48.5,46,0
293,ChesterRogers,TEN,WR,27,16,2,0,0,0,0,0,1,9,9.00,0,43,30,301,10.03,1,4,1,1,0,0,35,65.0,115,0
294,QuintezCephus,DET,WR,23,5,3,0,0,0,0,0,0,0,0,0,22,15,204,13.60,2,0,0,2,1,0,34,49.4,118,0
295,RashardHiggins,CLE,WR,27,15,4,0,0,0,0,0,0,0,0,0,47,24,275,11.46,1,0,0,1,0,0,34,57.5,120,0
296,CarlosHyde,JAX,RB,31,12,2,0,0,0,0,0,72,253,3.51,1,21,12,65,5.42,0,2,2,1,0,0,34,45.8,84,0
297,GardnerMinshewII,PHI,QB,25,4,2,41,60,439,4,1,9,21,2.33,0,0,0,0,0,0,1,0,0,0,0,34,33.7,46,0
298,KyleRudolph,NYG,TE,32,16,13,0,0,0,0,0,0,0,0,0,39,26,257,9.88,1,0,0,1,1,0,34,59.7,47,0
299,CamSims,WAS,WR,25,14,3,0,0,0,0,0,1,7,7.00,0,23,15,211,14.07,2,0,0,2,0,0,34,48.8,119,0
300,LeVeonBell,2TM,RB,29,8,0,0,0,0,0,0,39,101,2.59,2,7,5,30,6.00,1,0,0,3,1,0,33,38.1,85,0
301,DemetricFelton,CLE,RB,23,16,2,0,0,0,0,0,7,24,3.43,0,21,18,181,10.06,2,4,0,2,0,0,33,50.5,88,0
302,IsaiahMcKenzie,BUF,WR,26,15,2,0,0,0,0,0,9,47,5.22,1,26,20,178,8.90,1,2,1,2,0,0,33,52.5,122,0
303,TommyTremble,CAR,TE,21,16,11,0,0,0,0,0,3,11,3.67,1,35,20,180,9.00,1,0,0,2,1,0,33,53.1,48,0
304,MalikTurner,DAL,WR,25,14,0,0,0,0,0,0,0,0,0,0,16,12,149,12.42,3,0,0,3,0,0,33,44.9,121,0
305,KeShawnVaughn,TAM,RB,24,12,1,0,0,0,0,0,36,180,5.00,2,8,4,26,6.50,0,0,0,2,0,0,33,36.6,87,0
306,TySonWilliams,BAL,RB,25,13,3,0,0,0,0,0,35,185,5.29,1,12,9,84,9.33,0,1,0,1,0,0,33,41.9,86,0
307,RobertTonyan,GNB,TE,27,8,5,0,0,0,0,0,0,0,0,0,29,18,204,11.33,2,0,0,2,0,0,32,50.4,49,0
308,JohnBates,WAS,TE,24,17,8,0,0,0,0,0,0,0,0,0,25,20,249,12.45,1,1,0,1,0,0,31,50.9,50,0
309,MikeGlennon,NYG,QB,32,6,4,90,167,790,4,10,7,33,4.71,1,0,0,0,0,0,6,3,1,0,0,31,30.9,47,0
310,BrandonZylstra,CAR,WR,28,13,3,0,1,0,0,0,0,0,0,0,25,18,250,13.89,1,0,0,1,0,0,31,49.0,123,0
311,JohnRoss,NYG,WR,26,10,1,0,0,0,0,0,1,16,16.00,0,20,11,224,20.36,1,1,0,1,0,0,30,41.0,124,0
312,WillDissly,SEA,TE,25,15,14,0,0,0,0,0,0,0,0,0,26,21,231,11.00,1,1,0,1,0,0,29,50.1,51,0
313,JakeemGrant,2TM,WR,29,15,0,0,0,0,0,0,5,33,6.60,0,17,11,132,12.00,2,3,3,3,0,0,29,39.5,125,0
314,CaseKeenum,CLE,QB,33,7,2,47,72,462,3,1,12,22,1.83,0,0,0,0,0,0,1,1,0,0,0,29,28.7,48,0
315,IsaiahFord,MIA,WR,25,13,2,0,0,0,0,0,0,0,0,0,17,12,161,13.42,2,0,0,2,0,0,28,40.1,126,0
316,CraigReynolds,DET,RB,25,5,2,0,0,0,0,0,55,230,4.18,0,8,7,52,7.43,0,0,0,0,0,0,28,35.2,89,0
317,GregWard,PHI,WR,26,17,0,1,2,2,0,0,0,0,0,0,11,7,95,13.57,3,0,0,3,0,0,28,34.6,127,0
318,SalvonAhmed,MIA,RB,23,12,0,0,0,0,0,0,54,149,2.76,0,19,12,117,9.75,0,0,0,0,0,0,27,38.6,91,0
319,TavonAustin,JAX,WR,31,13,3,0,0,0,0,0,3,21,7.00,0,37,24,213,8.88,1,1,1,1,0,0,27,51.4,128,0
320,DJChark,JAX,WR,25,4,4,0,0,0,0,0,0,0,0,0,22,7,154,22.00,2,0,0,2,0,0,27,34.4,129,0
321,JamycalHasty,SFO,RB,25,11,0,0,0,0,0,0,16,68,4.25,1,29,23,157,6.83,0,2,1,1,0,0,27,49.5,92,0
322,RayRayMcCloud,PIT,WR,25,16,5,0,0,0,0,0,2,15,7.50,0,66,39,277,7.10,0,4,1,0,0,0,27,66.2,130,0
323,ElijhaaPenny,NYG,RB,28,17,3,0,0,0,0,0,24,99,4.13,1,13,9,30,3.33,1,0,0,2,1,0,27,35.9,90,0
324,JamesOShaughnessy,JAX,TE,29,7,6,0,0,0,0,0,0,0,0,0,34,24,244,10.17,0,0,0,0,1,0,26,50.4,52,0
325,RoyceFreeman,2TM,RB,25,15,0,0,0,0,0,0,56,169,3.02,0,16,10,77,7.70,0,0,0,0,0,0,25,34.6,94,0
326,TreySermon,SFO,RB,22,9,2,0,0,0,0,0,41,167,4.07,1,4,3,26,8.67,0,0,0,1,0,0,25,28.3,93,0
327,MaxxWilliams,ARI,TE,27,5,5,0,0,0,0,0,0,0,0,0,17,16,193,12.06,1,0,0,1,0,0,25,41.3,53,0
328,TimBoyle,DET,QB,27,5,3,61,94,526,3,6,2,13,6.50,0,0,0,0,0,0,1,0,0,0,1,24,24.3,49,0
329,JoeFlacco,NYJ,QB,36,2,1,27,42,338,3,0,2,3,1.50,0,0,0,0,0,0,1,1,0,0,0,24,23.8,51,0
330,KendallHinton,DEN,WR,24,16,1,1,1,1,0,0,0,0,0,0,23,15,175,11.67,1,0,0,1,0,0,24,38.5,132,0
331,CooperRush,DAL,QB,28,5,1,30,47,422,3,1,9,-8,-0.89,0,0,0,0,0,0,1,1,0,0,0,24,24.1,50,0
332,IhmirSmithMarsette,MIN,WR,22,8,1,0,0,0,0,0,0,0,0,0,6,5,116,23.20,2,0,0,2,0,0,24,28.6,131,0
333,BrockWright,DET,TE,23,10,5,0,0,0,0,0,0,0,0,0,17,12,117,9.75,2,0,0,2,0,0,24,35.7,54,0
334,StephenAnderson,LAC,TE,28,17,4,0,0,0,0,0,0,0,0,0,19,16,165,10.31,1,0,0,1,0,0,23,38.5,56,0
335,CoreyClement,DAL,RB,27,17,0,0,0,0,0,0,33,140,4.24,0,7,6,29,4.83,1,0,0,1,0,0,23,28.9,95,0
336,TylerKroft,NYJ,TE,29,9,6,0,0,0,0,0,0,0,0,0,25,16,173,10.81,1,0,0,1,0,0,23,39.3,55,0
337,JerickMcKinnon,KAN,RB,29,13,0,0,0,0,0,0,12,62,5.17,0,20,13,107,8.23,1,0,0,1,0,0,23,35.9,96,0
338,AdrianPeterson,2TM,RB,36,4,3,0,0,0,0,0,38,98,2.58,2,4,4,8,2.00,0,1,0,2,0,0,23,26.6,97,0
339,AnthonySchwartz,CLE,WR,21,14,2,0,0,0,0,0,6,39,6.50,0,23,10,135,13.50,1,0,0,1,0,0,23,33.4,133,0
340,TajaeSharpe,ATL,WR,27,15,7,0,0,0,0,0,0,0,0,0,37,25,230,9.20,0,0,0,0,0,0,23,48.0,134,0
341,AlbertWilson,MIA,WR,29,14,5,0,1,0,0,0,4,17,4.25,0,39,25,213,8.52,0,0,0,0,0,0,23,48.0,135,0
342,EnoBenjamin,ARI,RB,22,9,0,0,0,0,0,0,34,118,3.47,1,7,6,42,7.00,0,0,0,1,0,0,22,28.0,98,0
343,ParrisCampbell,IND,WR,24,6,3,0,0,0,0,0,0,0,0,0,20,10,162,16.20,1,0,0,1,0,0,22,32.2,137,0
344,BlakeJarwin,DAL,TE,27,8,5,0,0,0,0,0,0,0,0,0,17,11,96,8.73,2,0,0,2,0,0,22,32.6,57,0
345,JermarJefferson,DET,RB,21,7,0,0,0,0,0,0,15,74,4.93,2,5,4,23,5.75,0,0,0,2,0,0,22,25.7,99,0
346,BreshadPerriman,TAM,WR,28,6,0,0,0,0,0,0,1,-3,-3.00,0,18,11,167,15.18,1,0,0,1,0,0,22,33.4,136,0
347,EricEbron,PIT,TE,28,8,3,0,0,0,0,0,1,1,1.00,1,18,12,84,7.00,1,0,0,2,0,0,21,32.5,59,0
348,MarcedesLewis,GNB,TE,37,17,17,0,0,0,0,0,0,0,0,0,28,23,214,9.30,0,1,0,0,0,0,21,44.4,58,0
349,JordanLove,GNB,QB,23,6,1,36,62,411,2,3,12,27,2.25,0,0,0,0,0,0,3,1,0,1,0,21,21.1,52,0
350,MalcolmBrown,MIA,RB,28,7,3,0,0,0,0,0,33,125,3.79,1,5,3,10,3.33,0,0,0,1,0,0,20,22.5,101,0
351,OJHoward,TAM,TE,27,17,9,0,0,0,0,0,0,0,0,0,21,14,135,9.64,1,0,0,1,0,0,20,33.5,60,0
352,GodwinIgwebuike,DET,RB,27,17,1,0,0,0,0,0,18,118,6.56,1,10,7,60,8.57,0,2,2,1,0,0,20,26.8,100,0
353,JamesProche,BAL,WR,25,14,0,0,0,0,0,0,0,0,0,0,20,16,202,12.63,0,0,0,0,0,0,20,36.2,138,0
354,JuJuSmithSchuster,PIT,WR,25,5,5,0,0,0,0,0,3,9,3.00,1,28,15,129,8.60,0,0,0,1,0,0,20,34.8,139,0
355,KeneNwangwu,MIN,RB,23,11,0,0,0,0,0,0,13,61,4.69,0,5,4,9,2.25,0,0,0,2,0,0,19,23.0,103,0
356,IanThomas,CAR,TE,25,17,13,0,0,0,0,0,0,0,0,0,30,18,188,10.44,0,0,0,0,0,0,19,36.8,62,0
357,NickVannett,NOR,TE,28,7,2,0,0,0,0,0,0,0,0,0,15,9,133,14.78,1,0,0,1,0,0,19,28.3,61,0
358,JamesWhite,NWE,RB,29,3,0,0,0,0,0,0,10,38,3.80,1,14,12,94,7.83,0,0,0,1,0,0,19,31.2,102,0
359,JordanAkins,HOU,TE,29,13,3,0,0,0,0,0,1,3,3.00,0,33,24,214,8.92,0,2,2,0,0,0,18,41.7,63,0
360,NoahBrown,DAL,WR,25,13,1,0,0,0,0,0,0,0,0,0,25,16,184,11.50,0,0,0,0,0,0,18,34.4,140,0
361,DWayneEskridge,SEA,WR,24,10,0,0,0,0,0,0,4,59,14.75,0,20,10,64,6.40,1,0,0,1,0,0,18,28.3,141,0
362,KhaDarelHodge,DET,WR,26,16,1,0,0,0,0,0,0,0,0,0,27,13,157,12.08,0,0,0,0,1,0,18,30.7,142,0
363,MasonRudolph,PIT,QB,26,2,1,35,58,277,1,1,5,53,10.60,0,0,0,0,0,0,1,0,0,0,0,18,18.4,53,0
364,MohamedSanu,SFO,WR,32,8,0,0,0,0,0,0,0,0,0,0,24,15,177,11.80,0,0,0,0,0,0,18,32.7,143,0
365,NickFoles,CHI,QB,32,1,1,24,35,250,1,0,4,8,2.00,0,0,0,0,0,0,1,0,0,0,1,17,16.8,54,0
366,JoeFortson,KAN,TE,26,6,0,0,0,0,0,0,0,0,0,0,5,5,47,9.40,2,0,0,2,0,0,17,21.7,64,0
367,ZachGentry,PIT,TE,25,17,12,0,0,0,0,0,0,0,0,0,25,19,167,8.79,0,0,0,0,0,0,17,35.7,65,0
368,TonyJones,NOR,RB,24,11,4,0,0,0,0,0,54,142,2.63,0,8,5,29,5.80,0,0,0,0,0,0,17,22.1,104,0
369,AustinWalter,NYJ,RB,25,4,0,0,0,0,0,0,26,101,3.88,1,3,2,9,4.50,0,0,0,1,0,0,17,19.0,105,0
370,JonathanWilliams,WAS,RB,27,5,0,0,0,0,0,0,17,79,4.65,1,6,4,28,7.00,0,0,0,1,0,0,17,20.7,106,0
371,DyamiBrown,WAS,WR,22,15,6,0,0,0,0,0,1,-4,-4.00,0,25,12,165,13.75,0,0,0,0,0,0,16,28.1,146,0
372,CJHam,MIN,RB,28,17,8,0,0,0,0,0,7,34,4.86,0,18,17,125,7.35,0,0,0,0,0,0,16,32.9,107,0
373,NKealHarry,NWE,WR,24,12,4,0,0,0,0,0,0,0,0,0,22,12,184,15.33,0,1,1,0,0,0,16,28.4,144,0
374,MarcusJohnson,TEN,WR,27,7,3,0,0,0,0,0,2,-2,-1.00,0,19,9,160,17.78,0,0,0,0,0,0,16,24.8,147,0
375,TerraceMarshallJr,CAR,WR,21,13,3,0,0,0,0,0,0,0,0,0,30,17,138,8.12,0,0,0,0,1,0,16,32.8,148,0
376,QadreeOllison,ATL,RB,25,8,0,0,0,0,0,0,21,105,5.00,1,6,4,12,3.00,0,1,1,1,0,0,16,19.7,108,0
377,KristianWilkerson,NWE,WR,24,3,1,0,0,0,0,0,0,0,0,0,8,4,42,10.50,2,0,0,2,0,0,16,20.2,145,0
378,PharaohBrown,HOU,TE,27,15,12,0,0,0,0,0,0,0,0,0,34,23,171,7.43,0,1,1,0,0,0,15,38.1,66,0
379,AlecIngold,LVR,RB,25,9,3,0,0,0,0,0,2,1,0.50,0,12,10,85,8.50,1,0,0,1,0,0,15,24.6,110,0
380,MarcusMariota,LVR,QB,28,10,0,1,2,4,0,0,13,87,6.69,1,0,0,0,0,0,1,0,1,0,0,15,14.9,55,0
381,DantePettis,NYG,WR,26,3,0,1,1,16,0,0,0,0,0,0,16,10,87,8.70,1,1,0,1,0,0,15,25.3,149,0
382,LarryRountree,LAC,RB,22,12,0,0,0,0,0,0,36,87,2.42,1,2,1,-1,-1.00,0,0,0,1,0,0,15,15.6,111,0
383,TrentSherfield,SFO,WR,25,17,1,0,0,0,0,0,0,0,0,0,20,9,87,9.67,1,0,0,1,0,0,15,23.7,150,0
384,JJTaylor,NWE,RB,23,5,0,0,0,0,0,0,19,37,1.95,2,4,4,8,2.00,0,1,1,2,0,0,15,18.5,112,0
385,PatrickTaylor,GNB,RB,23,9,0,0,0,0,0,0,23,89,3.87,1,2,2,3,1.50,0,0,0,1,0,0,15,17.2,109,0
386,BrandonAllen,CIN,QB,29,6,1,17,34,149,2,0,7,-1,-0.14,0,0,0,0,0,0,1,0,0,0,0,14,13.9,56,0
387,JesperHorsted,CHI,TE,24,7,0,0,0,0,0,0,0,0,0,0,3,2,21,10.50,2,0,0,2,0,0,14,16.1,67,0
388,ScottMiller,TAM,WR,24,9,0,0,0,0,0,0,2,43,21.50,1,9,5,38,7.60,0,0,0,1,0,0,14,19.1,151,0
389,TyMontgomery,NOR,WR,28,14,3,0,0,0,0,0,15,44,2.93,0,26,16,95,5.94,0,0,0,0,0,0,14,29.9,152,0
390,PJWalker,CAR,QB,26,5,1,36,66,362,1,3,7,13,1.86,0,0,0,0,0,0,3,1,0,0,1,14,13.8,57,0
391,WayneGallman,2TM,RB,27,8,0,0,0,0,0,0,28,104,3.71,0,3,1,21,21.00,0,0,0,0,0,0,13,13.5,114,0
392,ChrisManhertz,JAX,TE,29,17,10,0,0,0,0,0,0,0,0,0,9,6,71,11.83,1,0,0,1,0,0,13,19.1,68,0
393,SeanMannion,MIN,QB,29,1,1,22,36,189,1,0,2,14,7.00,0,0,0,0,0,0,0,0,0,0,0,13,13.0,58,0
394,DenzelMims,NYJ,WR,24,11,3,0,0,0,0,0,0,0,0,0,23,8,133,16.63,0,0,0,0,0,0,13,21.3,153,0
395,PatrickRicard,BAL,RB,27,13,11,0,0,0,0,0,2,4,2.00,0,13,8,63,7.88,1,0,0,1,0,0,13,20.7,113,0
396,BenSkowronek,LAR,WR,24,14,1,0,0,0,0,0,0,0,0,0,20,11,133,12.09,0,0,0,0,0,0,13,24.3,154,0
397,LeeSmith,ATL,TE,34,16,6,0,0,0,0,0,0,0,0,0,11,9,65,7.22,1,0,0,1,0,0,13,21.5,69,0
398,KennyStills,NOR,WR,29,13,4,0,0,0,0,0,1,1,1.00,0,23,6,68,11.33,1,0,0,1,0,0,13,18.9,155,0
399,MichaelBurton,KAN,RB,29,16,0,0,0,0,0,0,8,26,3.25,1,3,3,31,10.33,0,0,0,1,0,0,12,14.7,116,0
400,JacobHollister,JAX,TE,28,7,2,0,0,0,0,0,0,0,0,0,14,9,55,6.11,1,0,0,1,0,0,12,20.5,71,0
401,BrianHoyer,NWE,QB,36,5,0,9,11,227,1,0,11,-8,-0.73,0,0,0,0,0,0,0,0,0,0,0,12,12.3,59,0
402,JesseJames,CHI,TE,27,14,9,0,0,0,0,0,0,0,0,0,8,7,62,8.86,1,0,0,1,0,0,12,19.2,70,0
403,JoshuaKelley,LAC,RB,24,10,0,0,0,0,0,0,33,102,3.09,0,6,5,38,7.60,0,1,1,0,0,0,12,17.0,115,0
404,TomKennedy,DET,WR,25,12,0,1,1,75,1,0,0,0,0,0,10,6,54,9.00,0,0,0,0,0,0,12,18.4,156,0
405,AntonyAuclair,HOU,TE,28,16,13,0,0,0,0,0,0,0,0,0,5,5,47,9.40,1,0,0,1,0,0,11,15.7,74,0
406,PhillipDorsett,3TM,WR,28,6,0,0,0,0,0,0,1,0,0.00,0,14,7,110,15.71,0,0,0,0,0,0,11,18.0,159,0
407,RossDwelley,SFO,TE,26,17,2,0,0,0,0,0,0,0,0,0,5,4,51,12.75,1,0,0,1,0,0,11,15.1,72,0
408,DezFitzpatrick,TEN,WR,24,4,0,0,0,0,0,0,0,0,0,0,8,5,49,9.80,1,0,0,1,0,0,11,15.9,160,0
409,JakeFromm,NYG,QB,23,3,2,27,60,210,1,3,8,65,8.13,0,0,0,0,0,0,2,1,0,0,0,11,10.9,60,0
410,KylenGranson,IND,TE,23,17,0,0,0,0,0,0,0,0,0,0,15,11,106,9.64,0,0,0,0,0,0,11,21.6,76,0
411,CollinJohnson,NYG,WR,24,12,1,0,0,0,0,0,0,0,0,0,21,11,105,9.55,0,0,0,0,0,0,11,21.5,161,0
412,MarlonMack,IND,RB,25,6,0,0,0,0,0,0,28,101,3.61,0,5,2,8,4.00,0,0,0,0,0,0,11,12.9,119,0
413,JalenRichard,LVR,RB,28,10,0,0,0,0,0,0,9,40,4.44,0,14,12,72,6.00,0,0,0,0,0,0,11,23.2,117,0
414,EricSaubert,DEN,TE,27,17,4,0,0,0,0,0,0,0,0,0,12,8,47,5.88,1,0,0,1,0,0,11,18.7,75,0
415,AdamShaheen,MIA,TE,27,12,7,0,0,0,0,0,0,0,0,0,16,12,110,9.17,0,0,0,0,0,0,11,23.0,73,0
416,JeffSmith,NYJ,WR,24,12,3,0,0,0,0,0,1,-1,-1.00,0,17,8,113,14.13,0,0,0,0,0,0,11,19.2,157,0
417,BennySnellJr,PIT,RB,23,17,0,0,0,0,0,0,36,98,2.72,0,4,2,13,6.50,0,0,0,0,0,0,11,13.1,118,0
418,EquanimeousStBrown,GNB,WR,25,13,2,0,0,0,0,0,3,14,4.67,0,17,9,98,10.89,0,0,0,0,0,0,11,20.2,158,0
419,RyquellArmstead,JAX,RB,25,2,0,0,0,0,0,0,15,80,5.33,0,4,3,16,5.33,0,0,0,0,0,0,10,12.6,121,0
420,BlakeBell,KAN,TE,30,16,5,0,0,0,0,0,4,10,2.50,0,13,9,87,9.67,0,0,0,0,0,0,10,18.7,79,0
421,TrinityBenson,DET,WR,24,8,2,0,0,0,0,0,0,0,0,0,22,10,103,10.30,0,0,0,0,0,0,10,20.3,162,0
422,JasonCabinda,DET,RB,25,14,4,0,0,0,0,0,3,23,7.67,0,7,4,16,4.00,1,0,0,1,0,0,10,13.9,120,0
423,NoahGray,KAN,TE,22,16,1,0,0,0,0,0,0,0,0,0,10,7,36,5.14,1,0,0,1,0,0,10,16.6,80,0
424,ChrisHerndon,MIN,TE,25,16,5,0,0,0,0,0,0,0,0,0,7,4,40,10.00,1,0,0,1,0,0,10,14.0,78,0
425,ChrisHogan,NOR,WR,34,5,1,0,0,0,0,0,0,0,0,0,8,4,41,10.25,1,0,0,1,0,0,10,14.1,163,0
426,NickMullens,CLE,QB,26,1,1,20,30,147,1,0,0,0,0,0,0,0,0,0,0,0,0,0,0,0,10,9.9,61,0
427,ShiSmith,CAR,WR,23,6,0,0,0,0,0,0,1,-3,-3.00,0,11,6,104,17.33,0,0,0,0,0,0,10,16.1,164,0
428,TommySweeney,BUF,TE,26,13,3,0,0,0,0,0,0,0,0,0,12,9,44,4.89,1,1,0,1,0,0,10,19.4,77,0
429,AudenTate,CIN,WR,24,7,0,0,0,0,0,0,0,0,0,0,4,3,39,13.00,1,0,0,1,0,0,10,12.9,165,0
430,CameronBatson,TEN,WR,26,4,0,0,0,0,0,0,2,15,7.50,0,5,2,15,7.50,1,0,0,1,0,0,9,11.0,167,0
431,JoshGordon,KAN,WR,30,12,7,0,0,0,0,0,0,0,0,0,14,5,32,6.40,1,0,0,1,0,0,9,14.2,166,0
432,JaQuanHardy,DAL,RB,24,3,0,0,0,0,0,0,4,29,7.25,1,0,0,0,0,0,0,0,1,0,0,9,8.9,123,0
433,DeonJackson,IND,RB,22,9,0,0,0,0,0,0,13,31,2.38,1,0,0,0,0,0,0,0,1,0,0,9,9.1,122,0
434,AndyJanovich,CLE,RB,28,13,3,0,0,0,0,0,2,0,0.00,1,4,3,9,3.00,0,0,0,1,1,0,9,11.9,124,0
435,SeanMcKeon,DAL,TE,24,9,2,0,0,0,0,0,0,0,0,0,6,4,27,6.75,1,0,0,1,0,0,9,12.7,81,0
436,AnthonyMiller,2TM,WR,27,3,1,0,0,0,0,0,0,0,0,0,12,6,25,4.17,1,0,0,1,0,0,9,14.5,168,0
437,KeithSmith,ATL,RB,29,17,8,0,0,0,0,0,9,31,3.44,0,10,9,56,6.22,0,0,0,0,0,0,9,17.7,125,0
438,KyleAllen,WAS,QB,25,2,0,12,19,120,1,0,2,11,5.50,0,0,0,0,0,0,1,1,0,0,0,8,7.9,63,0
439,AlexArmah,2TM,RB,27,11,2,0,0,0,0,0,5,21,4.20,0,1,1,1,1.00,1,0,0,1,0,0,8,9.2,126,0
440,GarrettGilbert,WAS,QB,30,1,1,20,31,194,0,0,0,0,0,0,0,0,0,0,0,1,0,0,0,0,8,7.8,64,0
441,TyreeJackson,PHI,TE,24,9,3,0,0,0,0,0,0,0,0,0,7,3,22,7.33,1,0,0,1,0,0,8,11.2,82,0
442,ChrisMyarick,NYG,TE,26,8,3,0,0,0,0,0,0,0,0,0,6,3,17,5.67,1,0,0,1,0,0,8,10.7,84,0
443,DezmonPatmon,IND,WR,23,8,0,0,0,0,0,0,0,0,0,0,4,2,21,10.50,1,0,0,1,0,0,8,10.1,169,0
444,DrewSample,CIN,TE,25,17,8,0,0,0,0,0,0,0,0,0,15,11,81,7.36,0,0,0,0,0,0,8,19.1,83,0
445,MitchellTrubisky,BUF,QB,27,6,0,6,8,43,0,1,13,24,1.85,1,0,0,0,0,0,0,0,1,0,0,8,8.1,62,0
446,PrestonWilliams,MIA,WR,24,8,3,0,0,0,0,0,1,7,7.00,0,16,6,71,11.83,0,0,0,0,0,0,8,13.8,170,0
447,KJHamler,DEN,WR,22,3,2,0,0,0,0,0,0,0,0,0,10,5,74,14.80,0,0,0,0,0,0,7,12.4,171,0
448,JoshOliver,BAL,TE,24,14,1,0,0,0,0,0,0,0,0,0,15,9,66,7.33,0,1,0,0,0,0,7,15.6,85,0
449,AndreRoberts,2TM,WR,33,16,0,0,0,0,0,0,3,19,6.33,0,2,1,35,35.00,0,3,2,1,0,0,7,8.4,172,0
450,JohnnyStanton,CLE,RB,27,4,0,0,0,0,0,0,3,5,1.67,0,2,2,7,3.50,1,0,0,1,0,0,7,9.2,127,0
451,JonathanWard,ARI,RB,24,13,0,0,0,0,0,0,9,33,3.67,0,4,3,34,11.33,0,0,0,0,0,0,7,9.7,128,0
452,DedeWestbrook,MIN,WR,28,15,0,0,0,0,0,0,0,0,0,0,15,10,68,6.80,0,2,0,0,0,0,7,16.8,173,0
453,CJBoard,NYG,WR,28,6,1,0,0,0,0,0,1,6,6.00,0,6,4,51,12.75,0,0,0,0,0,0,6,9.7,178,0
454,MikeBoone,DEN,RB,26,8,0,0,0,0,0,0,4,35,8.75,0,2,2,22,11.00,0,0,0,0,0,0,6,7.7,130,0
455,JaMarcusBradley,CLE,WR,25,5,0,0,0,0,0,0,0,0,0,0,4,4,64,16.00,0,0,0,0,0,0,6,10.4,174,0
456,AlexErickson,CAR,WR,29,17,0,0,0,0,0,0,0,0,0,0,4,3,55,18.33,0,0,0,0,0,0,6,8.5,181,0
457,LukeFarrell,JAX,TE,24,15,4,0,0,0,0,0,0,0,0,0,11,7,56,8.00,0,1,0,0,0,0,6,12.6,86,0
458,PennyHart,SEA,WR,25,17,0,0,0,0,0,0,0,0,0,0,12,7,59,8.43,0,0,0,0,0,0,6,12.9,177,0
459,DaxMilne,WAS,WR,22,13,1,0,0,0,0,0,1,1,1.00,0,14,9,83,9.22,0,1,1,0,0,0,6,15.4,175,0
460,JasonMoore,LAC,WR,26,2,1,0,0,0,0,0,0,0,0,0,4,3,56,18.67,0,0,0,0,0,0,6,8.6,179,0
462,AmariRodgers,GNB,WR,22,16,1,0,0,0,0,0,1,11,11.00,0,8,4,45,11.25,0,2,0,0,0,0,6,9.6,180,0
463,ItoSmith,DAL,RB,26,1,0,0,0,0,0,0,1,4,4.00,1,0,0,0,0,0,0,0,1,0,0,6,6.4,129,0
464,TrayveonWilliams,CIN,RB,24,5,0,0,0,0,0,0,15,51,3.40,0,2,1,4,4.00,0,0,0,0,0,0,6,6.5,131,0
465,JaelonDarden,TAM,WR,22,9,0,0,0,0,0,0,1,11,11.00,0,12,6,43,7.17,0,0,0,0,0,0,5,11.4,182,0
466,WillFuller,MIA,WR,27,2,0,0,0,0,0,0,0,0,0,0,8,4,26,6.50,0,0,0,0,1,0,5,8.6,184,0
467,JasonHuntley,PHI,RB,23,1,0,0,0,0,0,0,13,51,3.92,0,1,0,0,0,0,0,0,0,0,0,5,5.1,132,0
468,TreMcKitty,LAC,TE,22,11,4,0,0,0,0,0,0,0,0,0,8,6,45,7.50,0,0,0,0,0,0,5,10.5,88,0
469,WendellSmallwood,WAS,RB,27,3,0,0,0,0,0,0,5,25,5.00,0,5,4,22,5.50,0,0,0,0,0,0,5,8.7,134,0
470,RodneySmith,CAR,RB,25,2,0,0,0,0,0,0,0,0,0,0,5,5,48,9.60,0,0,0,0,0,0,5,9.8,133,0
471,MikeThomas,CIN,WR,27,12,1,0,0,0,0,0,0,0,0,0,11,5,52,10.40,0,0,0,0,0,0,5,10.2,183,0
472,CharlieWoerner,SFO,TE,24,17,3,0,0,0,0,0,0,0,0,0,6,5,52,10.40,0,0,0,0,0,0,5,10.2,87,0
473,JJArcegaWhiteside,PHI,WR,25,16,2,0,0,0,0,0,0,0,0,0,5,2,36,18.00,0,0,0,0,0,0,4,5.6,192,0
474,KalenBallage,PIT,RB,26,17,0,0,0,0,0,0,12,36,3.00,0,7,2,8,4.00,0,0,0,0,0,0,4,6.4,135,0
475,KendallBlanton,LAR,TE,26,11,2,0,0,0,0,0,0,0,0,0,7,4,37,9.25,0,1,0,0,0,0,4,7.7,92,0
476,PharohCooper,NYG,WR,26,8,0,0,0,0,0,0,1,3,3.00,0,11,4,33,8.25,0,0,0,0,0,0,4,7.6,193,0
477,TylerDavis,GNB,TE,24,14,0,0,0,0,0,0,0,0,0,0,5,4,35,8.75,0,0,0,0,0,0,4,7.5,94,0
478,GregDortch,ARI,WR,23,5,2,0,0,0,0,0,1,24,24.00,0,3,3,15,5.00,0,0,0,0,0,0,4,6.9,187,0
479,DarrenFells,2TM,TE,35,9,5,0,0,0,0,0,0,0,0,0,5,4,43,10.75,0,0,0,0,0,0,4,8.3,89,0
480,GarrettGriffin,NOR,TE,27,13,6,0,0,0,0,0,0,0,0,0,4,4,39,9.75,0,1,0,0,0,0,4,7.9,91,0
481,ParkerHesse,ATL,TE,26,8,1,0,0,0,0,0,0,0,0,0,6,5,43,8.60,0,0,0,0,0,0,4,9.3,90,0
482,JakobJohnson,NWE,RB,27,17,6,0,0,0,0,0,0,0,0,0,5,4,43,10.75,0,0,0,0,0,0,4,8.3,136,0
483,DJMontgomery,NYJ,WR,25,3,0,0,0,0,0,0,0,0,0,0,6,3,36,12.00,0,0,0,0,0,0,4,6.6,194,0
484,GunnerOlszewski,NWE,WR,25,16,0,0,0,0,0,0,1,9,9.00,0,3,2,31,15.50,0,3,0,0,0,0,4,6.0,186,0
485,CurtisSamuel,WAS,WR,25,5,1,0,0,0,0,0,4,11,2.75,0,9,6,27,4.50,0,0,0,0,0,0,4,9.8,188,0
486,WillieSnead,2TM,WR,29,9,0,0,0,0,0,0,0,0,0,0,8,4,38,9.50,0,0,0,0,0,0,4,7.8,189,0
487,TrentTaylor,CIN,WR,27,4,0,0,0,0,0,0,0,0,0,0,3,2,41,20.50,0,0,0,0,0,0,4,6.1,185,0
488,TrevonWesco,NYJ,TE,26,12,7,0,0,0,0,0,0,0,0,0,5,3,35,11.67,0,0,0,0,0,0,4,6.5,95,0
489,KevinWhite,NOR,WR,29,6,1,0,0,0,0,0,0,0,0,0,5,1,38,38.00,0,0,0,0,0,0,4,4.8,190,0
490,JuwannWinfree,GNB,WR,25,7,0,0,0,0,0,0,0,0,0,0,13,8,58,7.25,0,2,1,0,0,0,4,11.8,191,0
491,KennyYeboah,NYJ,TE,23,9,0,0,0,0,0,0,0,0,0,0,3,2,36,18.00,0,0,0,0,0,0,4,5.6,93,0
492,ChristianBlake,ATL,WR,25,16,0,0,0,0,0,0,0,0,0,0,9,4,25,6.25,0,0,0,0,0,0,3,6.5,203,0
493,DanielBrown,NYJ,WR,29,12,0,0,0,0,0,0,0,0,0,0,2,2,29,14.50,0,0,0,0,0,0,3,4.9,200,0
494,DominiqueDafney,GNB,TE,24,10,2,0,0,0,0,0,0,0,0,0,4,2,34,17.00,0,0,0,0,0,0,3,5.4,96,0
495,ReggieGilliam,BUF,RB,24,16,5,0,0,0,0,0,3,3,1.00,0,5,3,23,7.67,0,0,0,0,0,0,3,5.6,140,0
496,ChadHenne,KAN,QB,36,4,0,11,16,82,0,0,8,0,0.00,0,0,0,0,0,0,2,0,0,0,0,3,3.3,65,0
497,KJHill,LAC,WR,24,6,0,0,0,0,0,0,0,0,0,0,3,3,30,10.00,0,0,0,0,0,0,3,6.0,199,0
498,KylinHill,GNB,RB,23,8,0,0,0,0,0,0,10,24,2.40,0,2,1,5,5.00,0,0,0,0,0,0,3,3.9,138,0
499,CodyHollister,TEN,WR,28,3,1,0,0,0,0,0,0,0,0,0,7,4,33,8.25,0,0,0,0,0,0,3,7.3,197,0
500,TommyHudson,TEN,TE,24,5,0,0,0,0,0,0,0,0,0,0,6,3,31,10.33,0,0,0,0,0,0,3,6.1,100,0
501,TrentonIrwin,CIN,WR,26,7,0,0,0,0,0,0,0,0,0,0,5,2,34,17.00,0,0,0,0,0,0,3,5.4,195,0
502,JakeKumerow,BUF,WR,29,15,2,0,0,0,0,0,0,0,0,0,6,2,28,14.00,0,0,0,0,0,0,3,4.8,201,0
503,GabeNabers,LAC,RB,24,10,1,0,0,0,0,0,3,8,2.67,0,3,3,17,5.67,0,0,0,0,0,0,3,5.5,141,0
504,ColbyParkinson,SEA,TE,22,14,1,0,0,0,0,0,0,0,0,0,8,5,33,6.60,0,0,0,0,0,0,3,8.3,98,0
505,LaMicalPerine,NYJ,RB,23,4,0,0,0,0,0,0,8,31,3.88,0,0,0,0,0,0,0,0,0,0,0,3,3.1,137,0
506,KadenSmith,NYG,TE,24,9,4,0,0,0,0,0,0,0,0,0,3,3,33,11.00,0,0,0,0,0,0,3,6.3,99,0
507,JeremySprinkle,DAL,TE,27,17,4,0,0,0,0,0,0,0,0,0,3,3,31,10.33,0,0,0,0,0,0,3,6.1,101,0
508,MikeStrachan,IND,WR,24,6,0,0,0,0,0,0,0,0,0,0,3,2,26,13.00,0,0,0,0,0,0,3,4.6,202,0
509,DwayneWashington,NOR,RB,27,14,0,0,0,0,0,0,4,16,4.00,0,2,2,12,6.00,0,0,0,0,0,0,3,4.8,139,0
510,CodyWhite,PIT,WR,23,15,0,0,0,0,0,0,0,0,0,0,6,5,33,6.60,0,0,0,0,0,0,3,8.3,198,0
511,SethWilliams,DEN,WR,21,2,1,0,0,0,0,0,0,0,0,0,1,1,34,34.00,0,0,0,0,0,0,3,4.4,196,0
512,ShaneZylstra,DET,TE,25,4,0,0,0,0,0,0,0,0,0,0,7,3,34,11.33,0,0,0,0,0,0,3,6.4,97,0
513,NickBawden,NYJ,RB,25,9,1,0,0,0,0,0,0,0,0,0,1,1,20,20.00,0,0,0,0,0,0,2,3.0,146,0
514,CJBeathard,JAX,QB,28,2,0,2,2,33,0,0,1,2,2.00,0,0,0,0,0,0,0,0,0,0,0,2,1.5,69,0
515,ReggieBonnafon,CAR,RB,25,4,0,0,0,0,0,0,1,4,4.00,0,2,2,12,6.00,0,0,0,0,0,0,2,3.6,149,0
516,IanBook,NOR,QB,23,1,1,12,20,135,0,2,3,6,2.00,0,0,0,0,0,0,0,0,0,0,0,2,2.0,67,0
517,CethanCarter,MIA,TE,26,16,1,0,0,0,0,0,0,0,0,0,2,2,16,8.00,0,0,0,0,0,0,2,3.6,103,0
518,DavionDavis,HOU,WR,25,2,1,0,0,0,0,0,0,0,0,0,3,1,17,17.00,0,0,0,0,0,0,2,2.7,207,0
519,DarryntonEvans,TEN,RB,23,1,0,0,0,0,0,0,2,7,3.50,0,2,2,11,5.50,0,0,0,0,0,0,2,3.8,148,0
520,BlaineGabbert,TAM,QB,32,6,0,7,11,67,0,0,9,-7,-0.78,0,0,0,0,0,0,0,0,0,0,0,2,2.0,68,0
521,TyronJohnson,2TM,WR,25,10,0,0,0,0,0,0,0,0,0,0,5,2,16,8.00,0,0,0,0,0,0,2,3.6,210,0
522,MarcusKemp,KAN,WR,26,16,0,0,0,0,0,0,0,0,0,0,5,2,24,12.00,0,0,0,0,0,0,2,4.4,204,0
523,KeithKirkwood,CAR,WR,27,3,0,0,0,0,0,0,0,0,0,0,7,3,17,5.67,0,0,0,0,0,0,2,4.7,208,0
524,PatrickLaird,MIA,RB,26,6,0,0,0,0,0,0,1,4,4.00,0,3,3,17,5.67,0,0,0,0,0,0,2,5.1,144,0
525,RaheemMostert,SFO,RB,29,1,1,0,0,0,0,0,2,20,10.00,0,0,0,0,0,0,0,0,0,0,0,2,2.0,147,0
526,DazzNewsome,CHI,WR,22,3,1,0,0,0,0,0,0,0,0,0,5,2,23,11.50,0,0,0,0,0,0,2,4.3,205,0
527,ScottiePhillips,HOU,RB,24,3,0,0,0,0,0,0,6,13,2.17,0,3,2,9,4.50,0,0,0,0,0,0,2,4.2,143,0
528,AdamPrentice,NOR,RB,24,7,3,0,0,0,0,0,3,5,1.67,0,3,3,16,5.33,0,0,0,0,0,0,2,5.1,145,0
529,TreyRagas,LVR,RB,25,1,0,0,0,0,0,0,1,9,9.00,0,2,2,6,3.00,0,0,0,0,0,0,2,3.5,151,0
530,JaylenSamuels,HOU,RB,25,3,0,0,0,0,0,0,5,9,1.80,0,4,3,14,4.67,0,0,0,0,0,0,2,5.3,142,0
531,DavidSills,NYG,WR,25,4,1,0,0,0,0,0,0,0,0,0,6,2,17,8.50,0,0,0,0,0,0,2,3.7,209,0
532,JackStoll,PHI,TE,23,16,5,0,0,0,0,0,0,0,0,0,5,4,22,5.50,0,0,0,0,0,0,2,6.2,102,0
533,ChrisStreveler,ARI,QB,26,2,0,6,9,36,0,0,3,6,2.00,0,0,0,0,0,0,1,0,0,0,0,2,2.0,66,0
534,TylanWallace,BAL,WR,22,17,1,0,0,0,0,0,0,0,0,0,6,2,23,11.50,0,0,0,0,0,0,2,4.3,206,0
535,DerekWatt,PIT,RB,29,17,4,0,0,0,0,0,1,1,1.00,0,3,3,15,5.00,0,0,0,0,0,0,2,4.6,150,0
536,MitchellWilcox,CIN,TE,25,15,1,0,0,0,0,0,0,0,0,0,5,3,16,5.33,0,0,0,0,0,0,2,4.6,104,0
537,CamAkers,LAR,RB,22,1,0,0,0,0,0,0,5,3,0.60,0,3,3,10,3.33,0,0,0,0,0,0,1,4.3,153,0
538,TarikBlack,NYJ,WR,23,1,0,0,0,0,0,0,0,0,0,0,2,1,10,10.00,0,0,0,0,0,0,1,2.0,217,0
539,DavidBlough,DET,QB,26,1,0,0,0,0,0,0,1,6,6.00,0,0,0,0,0,0,1,0,0,0,0,1,0.6,72,0
540,MilesBoykin,BAL,WR,25,8,0,0,0,0,0,0,0,0,0,0,1,1,6,6.00,0,0,0,0,0,0,1,1.6,221,0
541,GaryBrightwell,NYG,RB,22,13,0,0,0,0,0,0,1,4,4.00,0,1,1,6,6.00,0,0,0,0,0,0,1,2.0,158,0
542,DerekCarrier,LVR,TE,31,5,1,0,0,0,0,0,0,0,0,0,2,2,13,6.50,0,0,0,0,0,0,1,3.3,105,0
543,KekeCoutee,IND,WR,24,2,0,0,0,0,0,0,0,0,0,0,1,1,5,5.00,0,0,0,0,0,0,1,1.5,222,0
544,DamareaCrockett,DEN,RB,24,12,0,0,0,0,0,0,3,7,2.33,0,0,0,0,0,0,0,0,0,0,0,1,0.7,160,0
545,FrankDarby,ATL,WR,24,10,0,0,0,0,0,0,0,0,0,0,4,1,14,14.00,0,0,0,0,0,0,1,2.4,211,0
546,SamEhlinger,IND,QB,23,3,0,0,0,0,0,0,3,9,3.00,0,0,0,0,0,0,0,0,0,0,0,1,0.9,70,0
547,RyanFitzpatrick,WAS,QB,39,1,1,3,6,13,0,0,1,2,2.00,0,0,0,0,0,0,1,0,0,0,0,1,0.7,71,0
548,JakeFunk,LAR,RB,23,10,0,0,0,0,0,0,2,5,2.50,0,0,0,0,0,0,0,0,0,0,0,1,0.5,161,0
549,MarvinHall,ATL,WR,28,2,0,0,0,0,0,0,0,0,0,0,1,1,10,10.00,0,0,0,0,0,0,1,2.0,218,0
550,DemetriusHarris,ARI,TE,30,14,4,0,0,0,0,0,0,0,0,0,6,3,10,3.33,0,0,0,0,0,0,1,4.0,108,0
551,BrycenHopkins,LAR,TE,24,5,0,0,0,0,0,0,0,0,0,0,1,1,9,9.00,0,0,0,0,0,0,1,1.9,109,0
552,BuddyHowell,LAR,RB,25,10,0,0,0,0,0,0,5,11,2.20,0,0,0,0,0,0,0,0,0,0,0,1,1.1,156,0
553,AndyIsabella,ARI,WR,25,8,0,0,0,0,0,0,0,0,0,0,1,1,13,13.00,0,0,0,0,0,0,1,2.3,214,0
554,JohnKelly,CLE,RB,25,4,0,0,0,0,0,0,2,13,6.50,0,0,0,0,0,0,0,0,0,0,0,1,1.3,154,0
555,TommyleeLewis,MIA,WR,29,2,0,0,0,0,0,0,0,0,0,0,2,1,7,7.00,0,0,0,0,0,0,1,1.7,220,0
556,HunterLong,MIA,TE,23,7,2,0,0,0,0,0,0,0,0,0,3,1,8,8.00,0,0,0,0,0,0,1,1.8,111,0
557,AnthonyMcFarlandJr,PIT,RB,22,2,0,0,0,0,0,0,3,3,1.00,0,1,1,11,11.00,0,0,0,0,0,0,1,2.4,152,0
558,KirkMerritt,MIA,WR,24,2,0,0,0,0,0,0,0,0,0,0,3,1,13,13.00,0,0,0,0,0,0,1,2.3,215,0
559,JaydonMickens,2TM,WR,27,11,0,0,0,0,0,0,0,0,0,0,3,2,10,5.00,0,1,0,0,0,0,1,3.0,219,0
560,StanleyMorganJr,CIN,WR,25,17,1,0,0,0,0,0,1,3,3.00,0,4,2,11,5.50,0,0,0,0,0,0,1,3.4,212,0
561,JohnnyMundt,LAR,TE,27,6,0,0,0,0,0,0,0,0,0,0,1,1,9,9.00,0,0,0,0,0,0,1,1.9,110,0
562,RyanNall,CHI,RB,26,9,0,0,0,0,0,0,1,4,4.00,0,1,1,4,4.00,0,0,0,0,0,0,1,1.8,159,0
563,JacquesPatrick,SFO,RB,24,2,0,0,0,0,0,0,2,12,6.00,0,0,0,0,0,0,0,0,0,0,0,1,1.2,155,0
564,KevinRader,PIT,TE,26,6,1,0,0,0,0,0,0,0,0,0,3,2,8,4.00,0,0,0,0,0,0,1,2.8,112,0
565,RichardRodgers,PHI,TE,29,3,0,0,0,0,0,0,0,0,0,0,2,2,11,5.50,0,0,0,0,0,0,1,3.1,107,0
566,MekhiSargent,3TM,RB,24,7,0,0,0,0,0,0,5,11,2.20,0,1,0,0,0,0,0,0,0,0,0,1,1.1,157,0
567,CJSaunders,CAR,WR,25,2,0,0,0,0,0,0,0,0,0,0,2,2,11,5.50,0,0,0,0,0,0,1,3.1,216,0
568,LukeStocker,MIN,TE,33,12,0,0,0,0,0,0,0,0,0,0,2,2,12,6.00,0,0,0,0,0,0,1,3.2,106,0
569,EricTomlinson,BAL,TE,29,17,7,0,0,0,0,0,0,0,0,0,1,1,7,7.00,0,0,0,0,0,0,1,1.7,114,0
570,TyrellWilliams,DET,WR,29,1,1,0,0,0,0,0,0,0,0,0,3,2,14,7.00,0,0,0,0,0,0,1,3.4,213,0
571,EasopWinston,NOR,WR,25,3,1,0,0,0,0,0,0,0,0,0,1,1,5,5.00,0,0,0,0,0,0,1,1.5,223,0
572,EthanWolf,NOR,TE,26,2,1,0,0,0,0,0,0,0,0,0,2,2,8,4.00,0,0,0,0,0,0,1,2.8,113,0
579,AlexBachman,NYG,WR,25,3,0,0,0,0,0,0,1,-3,-3.00,0,0,0,0,0,0,0,0,0,0,0,0,-0.3,257,0
581,KenjonBarner,TAM,RB,32,3,0,0,0,0,0,0,4,0,0.00,0,0,0,0,0,0,0,0,0,0,0,0,0,167,0
583,NickBellore,SEA,RB,32,17,0,0,0,0,0,0,0,0,0,0,1,1,4,4.00,0,0,0,0,0,0,0,1.4,162,0
584,KurtBenkert,GNB,QB,26,1,0,0,0,0,0,0,2,-1,-0.50,0,0,0,0,0,0,0,0,0,0,0,0,-0.1,78,0
586,NickBoyle,BAL,TE,28,5,3,0,0,0,0,0,0,0,0,0,2,1,2,2.00,0,0,0,0,0,0,0,1.2,115,0
594,NathanCottrell,JAX,RB,25,4,0,0,0,0,0,0,1,3,3.00,0,0,0,0,0,0,0,0,0,0,0,0,0.3,164,0
597,ChaseDaniel,LAC,QB,35,1,0,0,0,0,0,0,2,-2,-1.00,0,0,0,0,0,0,0,0,0,0,0,0,-0.2,79,0
598,DarrellDaniels,ARI,TE,27,15,4,0,0,0,0,0,0,0,0,0,4,1,0,0.00,0,0,0,0,0,0,0,1.0,120,0
605,MauriceFfrench,LAC,WR,23,3,0,0,0,0,0,0,1,3,3.00,0,0,0,0,0,0,0,0,0,0,0,0,0.3,224,0
614,DanielHelm,LVR,TE,26,9,1,0,0,0,0,0,0,0,0,0,2,1,-1,-1.00,0,0,0,0,0,0,0,0.9,144,0
628,NateMcCrary,BAL,RB,22,1,0,0,0,0,0,0,1,-1,-1.00,0,0,0,0,0,0,0,0,0,0,0,0,-0.1,177,0
630,KellenMond,MIN,QB,22,1,0,2,3,5,0,0,0,0,0,0,0,0,0,0,0,0,0,0,0,0,0,0.2,73,0
634,DevineOzigbo,2TM,RB,25,3,0,0,0,0,0,0,1,-3,-3.00,0,1,1,7,7.00,0,0,0,0,0,0,0,1.4,163,0
635,NathanPeterman,LVR,QB,27,1,0,0,0,0,0,0,2,2,1.00,0,0,0,0,0,0,0,0,0,0,0,0,0.2,74,0
638,BrettRypien,DEN,QB,25,1,0,0,2,0,0,0,0,0,0,0,0,0,0,0,0,0,0,0,0,0,0,0,77,0
655,DavisWebb,BUF,QB,26,1,0,0,0,0,0,0,2,-3,-1.50,0,0,0,0,0,0,0,0,0,0,0,0,-0.3,80,0
659,DeonYelder,TAM,TE,26,5,0,0,0,0,0,0,0,0,0,0,1,1,0,0.00,0,0,0,0,0,0,0,1.0,143,0
660,KhariBlasingame,TEN,RB,25,11,3,0,0,0,0,0,3,6,2.00,0,2,2,4,2.00,0,1,1,0,0,0,-1,1.0,178,0
661,JacobEason,IND,QB,24,1,0,2,5,25,0,1,0,0,0,0,0,0,0,0,0,0,0,0,0,0,-1,-1.0,82,0
662,FeleipeFranks,ATL,QB,24,9,0,0,1,0,0,1,3,6,2.00,0,0,0,0,0,0,0,0,0,0,0,-1,-1.4,83,0
663,RaceyMcMath,TEN,WR,22,9,0,0,0,0,0,0,0,0,0,0,6,2,8,4.00,0,1,1,0,0,0,-1,0.8,259,0
664,MalikTaylor,GNB,WR,26,10,0,0,0,0,0,0,0,0,0,0,3,2,14,7.00,0,1,1,0,0,0,-1,1.4,258,0
665,LoganWoodside,TEN,QB,26,5,0,0,0,0,0,0,6,-6,-1.00,0,0,0,0,0,0,0,0,0,0,0,-1,-0.6,81,0
667,TrentonCannon,2TM,RB,27,12,0,0,0,0,0,0,3,4,1.33,0,0,0,0,0,0,1,1,0,0,0,-2,-1.6,179,0
668,JohnWolford,LAR,QB,26,3,0,1,4,5,0,1,2,-1,-0.50,0,0,0,0,0,0,0,0,0,0,0,-2,-1.9,84,0
669,JoshRosen,ATL,QB,24,4,0,2,11,19,0,2,0,0,0,0,0,0,0,0,0,0,0,0,0,0,-3,-3.2,85,0
670,DiontaeSpencer,DEN,WR,29,15,0,0,0,0,0,0,0,0,0,0,4,1,-3,-3.00,0,2,2,0,0,0,-4,-3.3,261,0
